Strain,Genetics,THC
A.C. Diesel,Sativa-dominant,Medium
A.M.S.,Indica-dominant (60%),19%
A1 Haze,Sativa-dominant,Medium
Acapulco Gold,Sativa-dominant (70%),Medium
ACDC,Indica/sativa,1%
Ace Silver Haze,Sativa-dominant,High
Acid,Indica-dominant (60%),16-20%
Afghan Hash Plant,Indica (90-100%),Medium
Afghan Haze,Sativa-dominant,High
Afghan Kush,Indica (90-100%),17%
Afghan Kush Ryder,Indica autoflowering,22%
Afghan OG,Indica-dominant,Medium
Afghan Skunk,Indica/sativa (50/50),17%
Afghani,Indica (90-100%),Medium
Afghani 1 Autoflowering,Indica-dominant (85%) autoflowering,Medium
Afghani Gold,Indica (90-100%),High
Afgooey,Indica-dominant (70%),High
Afrodite,Sativa-dominant,Medium
Agent Orange,Indica/sativa (50/50),High
Airborne Genius,Indica-dominant,High
AK Choco Kush,Indica-dominant (80%),21%
AK Skunk Autoflowering,Indica/sativa autoflowering,18%
AK Widow 47,Indica/sativa (50/50),14-19%
AK-020,Indica/sativa (50/50),High
AK-420,Sativa-dominant,High
AK-420 Autoflowering,Sativa-dominant autoflowering,Medium
AK-47,Sativa-dominant,High
AK-48,Indica/sativa,High
AK-48 Autoflowering,Indica-dominant autoflowering,Medium
AK-OG Kush,Indica-dominant (80%),22%
Akorn,Indica-dominant,High
Alaskan Ice,Sativa-dominant (70%),High
Alchemy,Indica/sativa (50/50),21-22%
Alegria,Indica-dominant (80%),Medium
Allkush,Indica-dominant (80%),High
Alpujarreña,Indica (90-100%),17%
Amazing Haze,Sativa (90-100%),High
Amazonia,Sativa-dominant (60%),Medium
American Dream,Indica-dominant (70%),Medium
American Kush,Indica-dominant (70%),High
American Pie,Sativa-dominant (60%),20%
Amherst Sour Diesel,Sativa-dominant (80%),27%
Amnesi-K Lemon,Sativa-dominant,23-24%
Amnesia,Sativa-dominant,20-25%
Amnesia 7,Sativa-dominant,High
Amnesia Bilbo,Sativa,High
Amnesia Bilbo Autoflowering,Sativa-dominant autoflowering,Medium
Amnesia CBD,Sativa-dominant (60%),8%
Amnesia Gold,Sativa-dominant (75%),19%
Amnesia Haze,Sativa-dominant (70%),22-24%%
Amnesia Haze Autoflowering,Sativa-dominant (70%) autoflowering,17%
Amnesia Haze XL,Sativa-dominant,21%
Amnesia Haze XL Autoflowering,Sativa-dominant autoflowering,16%
Amnesia Kush,Sativa-dominant (70%),20%
Amnesia Lemon,Sativa-dominant (60%),High
Amnesia Mistery,Sativa (90-100%),21%
Amnesia Molotov,Sativa-dominant (60%),24%
Amnesia Ryder,Sativa-dominant autoflowering,Medium
Amnesia Skunk Autoflowering,Indica/sativa autoflowering,17%
Amnesia White,Sativa-dominant (70%),High
Amnesia XXL Autoflowering,Sativa-dominant autoflowering,High
AMS,Indica-dominant (60%),19-20%
Amsterdam Mist,Sativa-dominant (70%),Medium
Amur Giant Autoflowering,Sativa-dominant autoflowering,19%
Anesthesia,Indica (90-100%),Medium
Angel Heart,Sativa-dominant,Medium
Annapurna SuperAuto,Sativa-dominant (80%) autoflowering,18%
Apollo 11,Sativa-dominant,Medium
Apollo Haze,Sativa-dominant,Medium
AppleJack,Sativa-dominant,18-19%
Arjan's Haze 1,Sativa-dominant (70%),21.44%
Arjan's Ultra Haze 1,Sativa-dominant (80%),16.22%
Arjan's Ultra Haze 2,Sativa-dominant (80%),17-18%
Arjan’s Haze 2,Sativa-dominant (80%),12.89%
Arjan’s Haze 3,Sativa-dominant (70%),13.29%
Arjan’s Strawberry Haze,Sativa-dominant (60%),19.72%
Armageddon,Indica/sativa,High
Aroma,Indica-dominant,Medium
ASH,Indica-dominant (75%),Medium
Atomic,Indica/sativa,22-26%
Atomical Haze,Sativa-dominant (80%),High
Aurora Indica,Indica (90-100%),Medium
Auto 1,Indica-dominant autoflowering,Low
Auto Acid,Indica/sativa autoflowering,14-18%
Auto Afghan Skunk,Indica-dominant autoflowering,15%
Auto Afghani,Indica-dominant (70%) autoflowering,17-19%
Auto Alpujarreña,Indica-dominant autoflowering,15%
Auto Anesthesia,Indica-dominant autoflowering,Medium
Auto Anubis,Indica-dominant autoflowering,15%
Auto Bio Diesel Mass,Indica/sativa autoflowering,17%
Auto Blackberry Kush,Indica-dominant autoflowering,Medium
Auto Blue Amnesia,Sativa-dominant autoflowering,18%
Auto Blue Diesel,Indica-dominant autoflowering,16%
Auto Blue Pyramid,Indica-dominant (80%) autoflowering,13-15%
Auto Blueberry,Indica-dominant autoflowering,Medium
Auto Blueberry Domina,Indica-dominant (70%) autoflowering,17%
Auto Bomb,Indica/sativa autoflowering,10-15%
Auto Brooklyn Sunrise,Indica/sativa autoflowering,Medium
Auto Bubblegum,Indica-dominant autoflowering,Medium
Auto CBD Star,Indica-dominant (70%) autoflowering,10%
Auto Cheese NL,Indica-dominant autoflowering,16%
Auto Chemdog,Indica/sativa autoflowering,Medium
Auto Cinderella Jack,Indica/sativa,20%
Auto Colorado Cookies,Indica-dominant autoflowering,Medium
Auto Critical Orange Punch,Indica/sativa autoflowering,Medium
Auto Critical Soma,Indica-dominant autoflowering,17%
Auto Daiquiri Lime,Sativa-dominant autoflowering,Medium
Auto Dark Purple,Indica-dominant autoflowering,18%
Auto Diesel,Sativa-dominant autoflowering,Medium
Auto Duck,Indica/sativa autoflowering,Medium
Auto Durban Poison,Sativa-dominant autoflowering,Medium
Auto El Fuego,Indica-dominant autoflowering,Medium
Auto Euforia,Sativa-dominant autoflowering,Medium
Auto Fresh Candy,Indica-dominant autoflowering,13-17%
Auto Frisian Dew,Indica/sativa autoflowering,Medium
Auto Galaxy,Indica-dominant autoflowering,15%
Auto Glueberry OG,Sativa-dominant autoflowering,Medium
Auto Jack,Sativa-dominant (70%) autoflowering,14-18%
Auto Jack Herer,Sativa-dominant autoflowering,15%
Auto Kaya 47,Sativa-dominant autoflowering,18%
Auto King Kong,Indica-dominant autoflowering,Medium
Auto Kryptonite,Sativa-dominant autoflowering,15%
Auto Lavender,Indica-dominant autoflowering,Medium
Auto Lennon,Sativa-dominant autoflowering,15%
Auto Mako,Sativa-dominant autoflowering,Medium
Auto Mass,Indica-dominant autoflowering,Medium
Auto Mazar,Indica-dominant autoflowering,Medium
Auto Nefertiti,Sativa-dominant,Medium
Auto New York City,Sativa-dominant autoflowering,Medium
Auto Night Queen,Indica-dominant autoflowering,20-22%
Auto Northern Lights,Indica-dominant autoflowering,Medium
Auto OG Kush,Indica-dominant autoflowering,20%
Auto Orange Bud,Sativa-dominant autoflowering,Medium
Auto Pounder,Indica-dominant autoflowering,Medium
Auto Pounder With Cheese,Indica-dominant autoflowering,Medium
Auto Power Plant,Indica/sativa autoflowering,Medium
Auto Purple,Indica/sativa autoflowering,15%
Auto Purple CousKush,Indica-dominant autoflowering,20%
Auto Silver Bullet,Sativa-dominant (60%) autoflowering,17-19%
Auto Silver Haze,Sativa-dominant autoflowering,Medium
Auto Skunk Mass,Indica/sativa autoflowering,Medium
Auto Super Hash,Indica-dominant autoflowering,17%
Auto Super OG Kush,Indica-dominant autoflowering,14%
Auto Tao Blueberry,Indica-dominant autoflowering,Medium
Auto Tutankhamon,Indica/sativa autoflowering,20%
Auto Ultimate,Indica/sativa autoflowering,Medium
Auto Wappa,Indica-dominant autoflowering,14-18%
Auto White Widow,Indica-dominant autoflowering,14-18%
Auto Whiteberry,Indica-dominant (80%) autoflowering,15-19%
Auto Xtreme,Sativa-dominant autoflowering,Medium
Auto Yumbolt,Indica-dominant autoflowering,Medium
Autoflower Haze,Sativa-dominant (70%) autoflowering,Medium
Autoflowering White Russian 1,Indica-dominant autoflowering,Medium
Automaria II,Sativa-dominant (60%) autoflowering,14-18%
Automatic,Indica-dominant autoflowering,Medium
Autopilot XXL,Indica-dominant (60%) autoflowering,15%
Ayahuasca Purple,Indica (100%),21%
Azure Haze,Sativa-dominant,High
Baby Boom Auto CBD,Indica-dominant autoflowering,9%
Baby Boom Autoflowering,Indica-dominant autoflowering,Medium
Bad Azz Kush,Indica (90-100%),24%
Badazz Cheese,Indica (90-100%),Medium
Baikal Express,Sativa-dominant (70%),22%
Banana Split,Sativa-dominant (60%),Medium
Bandana,Sativa-dominant (70%),Medium
Bangi Haze,Sativa-dominant (70%),19%
Barbara Bud,Indica/sativa,Medium
Bass Line,Indica-dominant,High
BC Early Blueberry,Indica-dominant (80%),20%
BC Golden Skunk,Indica/sativa,17-19%
BC Purps,Indica-dominant,18-20%
BCN Diesel,Sativa-dominant (60%),20%
Belladonna,Sativa-dominant (60%),High
Berry Bomb,Indica-dominant,15-20%
Berry Bomb Autoflowering,Indica/sativa autoflowering,15-20%
Berry Delight,Indica-dominant,12-15%
Berry Ryder Autoflowering,Indica-dominant autoflowering,Medium
Biddy Early,Sativa-dominant,Medium
Big Band,Indica-dominant,17-18%
Big Bang,Indica-dominant (70%),19.80%
Big Bang Autoflowering,Indica-dominant (80%) autoflowering,Medium
Big Bomb,Indica/sativa (50/50),10-15%
Big Bomb Autoflowering,Indica/sativa autoflowering,10-15%
Big Bud,Indica-dominant (85%),Medium
Big Bud XXL,Indica-dominant (80%),15%
Big Bud XXL Autoflowering,Indica-dominant autoflowering,13%
Big Buddha Cheese,Indica-dominant,Medium
Big Buddha Cheese Autoflowering,Indica-dominant (70%) autoflowering,Medium
Big Bull,Indica (90-100%),11-12%
Big Critical,Sativa-dominant (60%),Medium
Big Devil 2,Indica/sativa autoflowering,19-20%
Big Devil Autoflowering,Indica/sativa autoflowering,15-20%
Big Foot,Indica/sativa (50/50),18-22%
Big Jack,Indica/sativa,15-18%
Big Kush,Indica/sativa (50/50),20%
Big Tooth,Indica-dominant (60%),Medium
Biker Kush,Indica-dominant,Medium
Bizarre,Indica-dominant (70%),14-15%
Black Bomb,Indica-dominant (80%),19%
Black Cheese,Indica-dominant (85%),Medium
Black Cream Autoflowering,Indica autoflowering,Medium
Black Diesel,Sativa-dominant (70%),17%
Black Domina,Indica (90-100%),Medium
Black Gum,Indica-dominant,21%
Black Haze,Sativa-dominant autoflowering,Medium
Black Jack,Indica/sativa (50/50),16-20%
Black Jack Autoflowering,Sativa-dominant (70%) autoflowering,Medium
Black Jack CBD,Indica/sativa (50/50),10-18%
Black Poison,Sativa-dominant,High
Black Poison Skunk,Indica/sativa,High
Black Russian,Indica-dominant (80%),24%
Black Widow,Indica-dominant (60%),20-22%
Blackberry,Indica/sativa,Medium
Blackdance,Indica/sativa,Medium
Blackjack,Sativa-dominant,High
Blackwater,Indica-dominant,Medium
Bloody Skunk Autoflowering,Indica-dominant (65%) autoflowering,15-20%
Blow Mind Autoflowering,Sativa-dominant (70%) autoflowering,15-20%
Blue Amnesia XXL Autoflowering,Sativa-dominant autoflowering,High
Blue Auto Mazar,Indica-dominant (70%) autoflowering,Medium
Blue Brilliant,Sativa-dominant,20%
Blue Cheese,Indica-dominant (60%),19-20%
Blue Cheese Autoflowering,Indica-dominant autoflowering,Medium
Blue Critical Autoflowering,Indica-dominant autoflowering,Medium
Blue Dream,Sativa-dominant (70%),19%
Blue Dream Autoflowering,Sativa-dominant (70%) autoflowering,13%
Blue Dream CBD,Sativa-dominant (65%),10%
Blue Dream'matic,Sativa-dominant (75%) autoflowering,High
Blue Elite Indica,Indica (90-100%),19%
Blue Funk,Indica-dominant,20%
Blue Gelato 41,Indica-dominant (60%),Medium
Blue Grape Dream,Indica/sativa,13-17%
Blue Hash,Indica-dominant (60%),12-16%
Blue Haze,Sativa-dominant,20%
Blue Kush,Sativa-dominant (55%),20%
Blue Kush Berry,Indica-dominant,18-22%
Blue Lemon Thai,Indica/sativa,Medium
Blue Lemon Thai x Aroma,Indica-dominant,Medium
Blue Mammoth Autoflowering,Indica-dominant (80%) autoflowering,Medium
Blue Mazar,Indica-dominant (80%),20%
Blue Medi Kush,Indica-dominant (60%),Medium
Blue Mystic,Indica-dominant (80%),18%
Blue Power,Indica-dominant (80%),16%
Blue Pyramid,Indica-dominant (80%),Medium
Blue Rhino,Indica-dominant,16%
Blue Spider,Sativa-dominant,18%
Blue Widow,Sativa-dominant (60%),17%
Blue Zkittlez,Indica-dominant (70%),20%
Blueberry,Indica-dominant (80%),19-20%
Blueberry Autoflowering,Indica-dominant (70%) autoflowering,14%
Blueberry Bud,Indica-dominant,Medium
Blueberry Cheese,Indica-dominant,18%
Blueberry Cheese Autoflowering,Indica-dominant autoflowering,17%
Blueberry Cheesecake,Indica-dominant,Medium
Blueberry Haze,Indica/sativa,Medium
Blueberry Headband,Indica-dominant (70%),19-23%
Blueberry OG,Indica-dominant (70%),High
Blueberry Punch,Indica-dominant,High
Blueberry Skunk,Indica-dominant (75%),Medium
Bona Dea CBD,Indica-dominant (85%),9%
Brainkiller Haze,Sativa (90-100%),22%
Brian Berry Cough,Indica/sativa (50/50),High
Brooklyn Mango,Indica/sativa,Medium
Brotherhood OG,Indica-dominant,Medium
Bruce Banner 3,Sativa-dominant (65%),20-27%
Bruce Banner BX 2.0,Sativa-dominant,25-30%
Bubba Cheese Autoflowering,Indica autoflowering,13-17%
Bubba Island Kush,Indica-dominant,Medium
Bubba Kush 2.0,Indica (90-100%),Medium
Bubba Kush Autoflowering,Indica-dominant autoflowering,17-21%
Bubba Kush CBD,Indica-dominant (70%),8%
Bubba Love,Indica (90-100%),Medium
Bubba OG,Indica (90-100%),19%
Bubba's Gift,Indica-dominant (80%),17-20%
Bubble Bomb,Indica/sativa (50/50),18-20%
Bubble Cheese,Indica-dominant,Medium
Bubble Gum,Sativa-dominant (60%),Medium
Bubble Kush,Indica-dominant (80%),19%
Bubble Kush Autoflowering,Indica-dominant (60%) autoflowering,16%
Bubble Yum,Indica/sativa (50/50),15-16%
Bubblegum Kush,Indica-dominant (80%),20-25%
Bubblegum XL,Sativa-dominant (60%),19%
BubbleGummer,Sativa-dominant,Medium
Bubblelicious,Sativa-dominant (60%),Medium
Bubblelicious Autoflowering,Indica/sativa autoflowering,Medium
Bubblicious,Indica-dominant (70%),16-20%
Buddha Haze,Sativa (90-100%),Medium
Buddha Kush OG,Indica (90-100%),High
Buddha Purple Kush,Indica-dominant autoflowering,Medium
Buddha Tahoe,Indica (90-100%),High
Buddha’s Sister,Indica-dominant (60%),Medium
Bullshark,Indica-dominant (70%),15%
Burmese Kush,Indica/sativa,Medium
Buzz Bomb,Sativa-dominant,15-20%
C. Banana,Sativa-dominant (60%),23-30%
C4 Autoflowering,Indica/sativa autoflowering,High
C99,Sativa-dominant,Medium
Caboose,Indica-dominant (70%),Medium
Cal-Train Wreck,Indica-dominant (60%),20-22%
Cali Orange Bud,Indica-dominant (70%),Medium
California Gold,Indica-dominant (80%),18-22%
California Hash Plant,Indica (90-100%),8-12%
California Indica,Indica-dominant (65%),Medium
California Orange Cheese,Indica-dominant (85%),Medium
Californian Orange,Indica/sativa (50/50),Medium
Californian Snow,Indica-dominant autoflowering,Medium
Canadian Kush,Indica (100%),High
Candida (CD-1),Sativa-dominant,0.50%
Candy Caramelo Autoflowering,Indica-dominant autoflowering,15%
Candy Kush,Indica-dominant autoflowering,High
Candy Kush Express - Fast Flowering,Indica-dominant (60%),18%
Candyman Haze,Sativa-dominant (60%),High
Cannalope Haze,Sativa (90-100%),High
Cannalope Kush,Sativa-dominant (70%),High
Cannatonic,Indica/sativa (50/50),High
Cap Peeler,Sativa (90-100%),High
Caprichosa Thai,Sativa-dominant (80%),12-16%
Caramel Autoflowering,Indica-dominant autoflowering,Medium
Caramel Ice,Indica-dominant,16%
Caramelo,Indica-dominant (70%),24-25%
Caribe,Sativa-dominant,20%
Carnival,Sativa-dominant,20-23%
Casey Jones,Sativa-dominant (60%),18-20%
Cash Express,Indica/sativa (50/50),18%
Cataract Kush,Indica (90-100%),Medium
CBD 3D,Sativa-dominant (80%),6-8%
CBD Auto Charlotte’s Angel,Sativa-dominant (80%) autoflowering,0.70%
CBD Auto Compassion Lime,Sativa-dominant autoflowering,8-9%
CBD Auto White Widow,Indica-dominant autoflowering,9-10%
CBD Blue Shark,Indica-dominant (60%),6.50%
CBD Bomb,Indica/sativa,6%
CBD Caramel,Indica-dominant (70%),Low
CBD Charlotte’s Angel,Sativa-dominant,0.70%
CBD ComPassion,Sativa-dominant,8%
CBD Crack Autoflowering,Indica/sativa autoflowering,5-7%
CBD Critical Cure,Indica-dominant (80%),5.50%
CBD Critical Mass,Indica-dominant (80%),5-10%
CBD Divine,Indica-dominant (75%),6-8%
CBD Fix Autoflowering,Sativa-dominant autoflowering,0.80%
CBD Kush,Indica/sativa,8%
CBD Lemon Potion Autoflowering,Indica-dominant autoflowering,Medium
CBD Mango Haze,Sativa-dominant (80%),6-8%
CBD MedGom Autoflowering,Indica/sativa autoflowering,5-10%
CBD MediHaze,Sativa-dominant (80%),6-15%
CBD Nordle,Indica-dominant (80%),5.5-10%
CBD PH,Sativa-dominant (80%),6-8%
CBD Shark Shock,Indica-dominant (80%),6-11%
CBD Skunk Haze,Indica/sativa (50/50),5-12%
CBD Spliff Berry,Indica-dominant (60%),7.60%
CBD Sweet And Sour Widow,Indica-dominant (70%),5-11%
CBD Therapy,Indica/sativa (50/50),0.50%
CBD Yummy,Sativa-dominant (70%),5-15%
CBD-Chronic,Indica/sativa,5.40%
CBD-Enriched Warlock,Indica-dominant,8%
Ceres Kush,Indica (90-100%),Medium
Ceres Skunk,Indica/sativa (50/50),Medium
Channel +,Indica/sativa,15-20%
Chaos Kush,Indica-dominant,High
Charlotte's Web,Indica-dominant,0.30%
Chaze SuperAuto,Sativa-dominant (80%) autoflowering,Medium
Cheddarhead,Sativa-dominant (70%),Medium
Cheese,Indica/sativa (50/50),18-20%
Cheese Auto CBD,Indica/sativa autoflowering,6%
Cheese Autoflowering,Indica-dominant (60%) autoflowering,9-12%
Cheese CBD,Indica/sativa (50/50),7-8%
Cheese Dawg,Indica-dominant (75%),Medium
Cheese N Chong,Sativa-dominant,Medium
Cheese Quake,Indica-dominant (60%),Medium
Cheese XXL Autoflowering,Indica-dominant autoflowering,High
Cheesus,Indica-dominant (60%),Medium
Cheesy Auto CBD,Indica-dominant autoflowering,7-8%
Cheesy Autoflowering,Indica-dominant autoflowering,15%
Cheesy Dick,Indica (90-100%),Medium
Cheesy Rider,Indica-dominant,Medium
Chem 4 OG,Sativa-dominant (60%),Medium
Chem Berry D,Sativa-dominant,25-32%
Chem Beyond Diesel CBD,Indica-dominant (55%),5-12%
Chem Dawg,Indica-dominant (60%),24%
Chem Valley Kush,Indica-dominant,Medium
Chemdog,Indica-dominant (70%),21%
Chemdog Millionaire,Indica-dominant,22%
Chemmy Jones,Indica/sativa (50/50),15-20%
Chernobyl,Sativa-dominant (60%),Medium
Cherry Bomb,Indica-dominant,17-22%
Cherry Bomb Autoflowering,Indica-dominant autoflowering,17-20%
Cherry Bud Autoflowering,Indica-dominant autoflowering,16%
Cherry Cordial,Indica-dominant (65%),Medium
Cherry Malawi,Sativa (90-100%),High
Cherrygasm,Sativa-dominant (70%),Medium
Chicle,Indica-dominant,Medium
Chiesel,Sativa-dominant (60%),Medium
Chiesel Autoflowering,Indica-dominant (80%) autoflowering,Medium
China Yunnan,Indica-dominant (80%),12-18%
Choco Bud,Sativa (90-100%),19%
Choco Candy,Sativa-dominant,21%
Choco Kush Autoflowering,Indica-dominant (70%) autoflowering,21%
Chocolate Chunk,Indica (90-100%),Medium
Chocolate Fondue,Sativa-dominant (80%),Medium
Chocolate Haze,Sativa (90-100%),High
Chocolate Mint OG,Indica-dominant (80%),22-26%
Chocolope,Sativa (90-100%),High
Chocolope Kush,Sativa-dominant (60%),High
Chronic,Indica-dominant,High
Chronic Lights,Indica-dominant,19%
Chronic Ryder,Indica-dominant autoflowering,11.90%
Chronic Thunder,Indica-dominant (80%),Medium
Chunky Cheeze,Indica-dominant,Medium
Cinderella 99,Sativa-dominant,Medium
Citral Skunk,Indica/sativa,19-20%
Citrus Smoothie,Indica-dominant,Medium
Claustrum,Sativa (90-100%),21%
Climax Autoflowering,Indica/sativa autoflowering,Medium
Cluster Bomb,Indica-dominant,15-20%
Cobra Autoflowering,Indica/sativa autoflowering,19%
Cocoa Kush,Indica/sativa (50/50),Medium
Cole Train,Indica-dominant (70%),Medium
Colombian,Sativa (90-100%),High
Colombian Sweet,Indica-dominant (60%),Medium
Coma Cluster,Indica/sativa (50/50),High
Confidencial Medicine,Indica-dominant (80%),Medium
Confidencial OG,Indica (100%),Medium
Congo,Sativa-dominant (70%),15%
Conspiracy Kush,Indica-dominant (70%),Medium
Cookies And Cream Cheese,Indica-dominant (80%),Medium
Cookies Haze,Sativa-dominant,23-25%
Cookies Kush,Indica-dominant (70%),High
Cotton Bud Autoflowering,Indica-dominant autoflowering,12%
Cotton Candy Kush,Sativa-dominant (75%),Medium
Crazy Miss Hyde,Indica-dominant (70%),21%
Crazy Miss Hyde Autoflowering,Indica-dominant (70%),Medium
Cream Caramel,Indica (90-100%),15-20%
Cream caramel - F1 Fast Version,Indica (90-100%),15-20%
Cream Caramel Autoflowering,Indica-dominant (85%) autoflowering,18%
Cream Caramel CBD,Indica-dominant (70%),7-15%
Cream Cookies Autoflowering,Indica-dominant autoflowering,High
Cream Mandarine Autoflowering,Indica-dominant (60%) autoflowering,18-20%
Crimea Blue,Indica-dominant (80%),18%
Criminal +,Indica-dominant (80%),Medium
Critical,Indica-dominant (60%),18%
Critical 47,Indica-dominant,15-18%
Critical 47 Express,Indica-dominant autoflowering,Medium
Critical AK Autoflowering,Indica-dominant autoflowering,18%
Critical Autoflowering,Indica-dominant autoflowering,Medium
Critical Cheese,Indica-dominant,High
Critical Cheese Autoflowering,Indica-dominant autoflowering,High
Critical Diesel Autoflowering,Indica/sativa autoflowering,18%
Critical Haze,Sativa-dominant (60%),18-22%
Critical HOG,Indica-dominant,Medium
Critical Impact,Indica-dominant (80%),18%
Critical Jack,Sativa-dominant (60%),High
Critical Jack Autoflowering,Indica-dominant (60%) autoflowering,10-14%
Critical Jack Herer,Sativa-dominant (80%),20%
Critical Jack Herer Autoflowering,Sativa-dominant autoflowering,18%
Critical Kali Mist,Sativa-dominant (80%),22%
Critical Kush,Indica (90-100%),20-25%
Critical Kush Autoflowering,Indica-dominant (90%) autoflowering,Medium
Critical Lemon,Indica-dominant,19%
Critical Magic,Indica-dominant,17-20%
Critical Mango,Indica-dominant (75%),18%
Critical Mass,Indica-dominant,20-21%
Critical Mass 33,Indica/sativa,Medium
Critical Mass Autoflowering,Indica-dominant (60%) autoflowering,Medium
Critical Mass CBD,Indica-dominant (80%),5%
Critical Neville Haze 2.0,Sativa (90-100%),23-24%
Critical Neville Haze Autoflowering,Sativa-dominant (90%) autoflowering,21%
Critical Orange Punch,Indica/sativa,High
Critical Purple Kush,Indica-dominant,18%
Critical Sensi Star,Indica (90-100%),24-25%
Critical Skunk,Indica-dominant,19%
Critical Soma,Indica/sativa,18%
Critical Super Silver Haze,Sativa-dominant (70%),21%
Critical+,Indica/sativa (50/50),High
Critical+ 2.0,Indica-dominant (70%),16-20%
Critical+ 2.0 Autoflowering,Indica-dominant autoflowering,Medium
Critical+ Autoflowering,Indica-dominant (60%) autoflowering,Medium
Crockett's Dawg,Indica-dominant (60%),Medium
Crockett's Haze,Sativa-dominant (80%),High
Crockett's Sour Tangie,Sativa-dominant (80%),High
Crockett's Tangie,Sativa-dominant (70%),Medium
Crocketts Confidential,Indica-dominant (70%),Medium
Crystal Candy,Indica-dominant (60%),15-21%
Crystal Candy - F1 Fast Version,Indica-dominant (60%),15-21%
Crystal Candy Autoflowering,Indica-dominant (60%) autoflowering,14-19%
Crystal Cloud,Sativa-dominant (70%),21%
Crystal Meth,Sativa-dominant autoflowering,Medium
Crystal Queen,Indica-dominant (60%),20%
Crystal White,Indica-dominant (80%),High
Cum Laude,Sativa (90-100%),Medium
Currant Kush,Indica/sativa (50/50),21-22%
Cuvée,Indica/sativa,Medium
Daddy's Girl,Sativa-dominant (80%),Medium
Dairy Queen,Sativa-dominant (60%),Medium
Dama Blanca,Sativa-dominant,High
Damn Sour,Sativa-dominant (60%),17%
Damnesia,Sativa-dominant (60%),Medium
Damnesia Autoflowering,Indica-dominant (60%) autoflowering,Medium
Dance World,Sativa-dominant (75%),12%
Dancehall,Sativa-dominant,Medium
Dark Devil Autoflowering,Indica/sativa autoflowering,Medium
Dark Dragon,Indica/sativa (50/50),High
Dark Rhino,Indica-dominant (75%),High
Darkling Sativa,Sativa,Medium
Darkstar Kush,Indica-dominant,Medium
Dawg Star,Indica-dominant,Medium
Deadhead OG,Indica-dominant,Medium
Deadlights,Sativa-dominant (65%),Low
Dedoverde Haze,Sativa-dominant (80%),18-24%
Deep Cheese,Indica/sativa,High
Deep Chunk,Indica (100%),Medium
Deep Purple,Indica-dominant (85%),Medium
Deimos,Indica-dominant autoflowering,Medium
Delahaze,Sativa-dominant (70%),High
Delicious Candy,Indica-dominant (80%),22-23%
Desert Diesel,Sativa-dominant (55%),
Desert Queen,Indica-dominant (60%),Medium
Desfrán,Sativa (90-100%),High
Destroyer,Sativa (90-100%),20%
Devil,Indica-dominant,Medium
Devil Cream Autoflowering,Indica/sativa autoflowering,Medium
Devil Fruit,Indica-dominant (70%),15-20%
DFA Autoflowering,Indica-dominant autoflowering,16%
Diamond Girl,Indica-dominant (60%),15%
Diesel,Sativa-dominant (60%),12-16%
Diesel Autoflowering,Sativa-dominant autoflowering,14%
Diesel Berry Autoflowering,Indica/sativa autoflowering,High
Diesel Dipped Cookies,Indica-dominant,Medium
Diesel Glue,Sativa-dominant,18-19%
Diesel Haze Autoflowering,Sativa-dominant (70%) autoflowering,17%
Diesel Kush,Sativa-dominant (60%),High
Diesel Ryder,Indica/sativa autoflowering,17-19%
Dieseltonic,Indica/sativa (50/50),Medium
Dinachem,Sativa-dominant (65%),18-23%
Dinamed CBD,Sativa-dominant (60%),0.50%
Dinamed CBD Autoflowering,Indica-dominant (60%) autoflowering,0.3-0.8%
Dinamed CBD Plus,Sativa-dominant (60%),0.5-1%
Dinamex,Indica/sativa,High
Dinamex Autoflowering,Sativa-dominant autoflowering,High
DJ’s Gold,Sativa-dominant (55%),Medium
Doctor Jamaica,Indica/sativa (50/50),15%
Dominator,Sativa-dominant,Medium
Double Alien 18,Indica-dominant (60%),Medium
Double Diesel Ryder,Sativa-dominant autoflowering,Medium
Double Dutch,Indica-dominant,High
Double Glock,Indica (100%),Medium
Double Tangie Banana,Indica-dominant (60%),Medium
Double White,Indica-dominant (60%),Medium
Douce Nuit,Indica-dominant (80%),Medium
Dr Greenthumb’s Em-Dog,Indica-dominant (70%),20-27%
Dr. Greenthumb's  Dedoverde Haze Autoflowering,Sativa-dominant (80%) autoflowering,13-16%
Dr. Grinspoon,Sativa (100%),High
Dr. Who,Indica-dominant (60%),High
Dreamberry,Sativa-dominant autoflowering,High
Dulce De Leche,Indica-dominant autoflowering,Medium
Durban,Sativa (90-100%),High
Durban Magic,Sativa (90-100%),High
Durban Poison,Sativa-dominant,High
Durban-Thai x C99,Sativa-dominant,High
Durga Mata,Indica (90-100%),18-22%
Durga Mata II CBD,Indica (90-100%),8.50%
Dutch Cheese,Sativa-dominant (60%),12-15%
Dutch Dragon,Sativa-dominant (75%),17-21%
Dutch Haze,Sativa (90-100%),12-14%
Dutch Kush,Indica-dominant (80%),Medium
Dynamite,Indica-dominant (75%),20%
Eagle Bill,Sativa-dominant (70%),Medium
Early Amnesia CBD,Sativa-dominant (65%),9.50%
Early Pearl,Sativa-dominant (75%),Medium
Early Pearl Skunk x Haze,Sativa-dominant,Medium
Early Queen,Indica-dominant,Medium
Early Skunk,Indica-dominant (65%),Medium
Early Skunk Autoflowering,Indica-dominant (70%) autoflowering,Medium
Early Skunk Haze,Sativa-dominant,Medium
Early Skunk x Blue Lemon Thai,Indica/sativa,Medium
Early Top Tao,Indica/sativa,Medium
Early Widow,Indica-dominant,16%
Easy Bud,Indica-dominant (55%) autoflowering,12%
Easy Haze,Sativa-dominant (70%),20-21%
Easy Ryder,Indica/sativa autoflowering,19%
Easy Sativa,Sativa (90-100%),Medium
Easy Skunk,Indica-dominant,15-18%
Ed Rosenthal Super Bud,Indica/sativa (50/50),High
Edam Bomb,Indica-dominant (60%),10-15%
El Alquimista,Indica-dominant (70%),21%
El Alquimista Autoflowering,Indica-dominant autoflowering,19%
El Fuego,Indica-dominant (70%),Medium
Eldorado,Sativa (90-100%),High
Eleven Roses,Indica (100%),24-25%
Enemy Of The State,Indica,19%
Ese T. Bilbo Autoflowering,Indica-dominant autoflowering,Medium
Euforia,Sativa-dominant,18%
Euphoria,Indica-dominant (80%),9%
Everest Bud,Indica/sativa,14-17%
Ewe-2,Indica (90-100%),18-21%
Exodus Cheese,Indica-dominant (60%),18.43%
Exodus Cheese Auto CBD,Indica-dominant autoflowering,5-8%
Exodus Cheese Autoflowering,Indica-dominant autoflowering,Medium
Exodus Kush,Indica-dominant (60%),High
Exotic Kush,Indica (100%),High
Exotic Thai,Sativa-dominant (70%),Medium
Expert 47,Sativa-dominant (65%),High
Expert Haze,Sativa (90-100%),21%
F13,Sativa-dominant,Medium
Face Melt OG,Indica/sativa,Medium
Fallen Angel,Indica-dominant (80%),17-19%
Fast Caramel,Indica-dominant,Medium
Fast Eddy Autoflowering,Sativa-dominant autoflowering,9%
Fastberry,Indica-dominant autoflowering,19%
Fat Banana,Indica-dominant (70%),25%
First Lady,Indica (90-100%),Medium
Flash Babylon,Indica-dominant autoflowering,18%
Flash Back 2,Sativa-dominant (60%),Medium
Flo,Sativa-dominant (60%),Medium
Florida Gold,Indica-dominant (70%),Medium
Florida Lemons,Indica-dominant (60%),Medium
Flowerbomb Kush,Indica-dominant (70%),High
Fondue,Indica-dominant (75%),Medium
Forest Dream,Sativa-dominant,High
Four-Way,Indica-dominant (80%),Medium
Fraggle Skunk Autoflowering,Indica-dominant autoflowering,18%
Franco's Lemon Cheese,Sativa-dominant (60%),21%
Freddy’s Best,Sativa (90-100%),15-20%
Freeze Cheese '89,Indica-dominant (80%),Medium
French Cookies,Indica-dominant (60%),Medium
French Macaron,Indica-dominant,Medium
Frencheese,Indica-dominant (80%),Medium
Fresh Candy,Indica-dominant (75%),Medium
Frisian Dew,Indica/sativa (50/50),Medium
Frisian Duck,Indica/sativa (50/50),Medium
Frosty Kush,Indica-dominant,14-17%
Fruit Autoflowering,Indica-dominant (70%) autoflowering,8-12%
Fruit Spirit,Sativa-dominant (60%),18+%
Fruity Jack,Sativa-dominant (70%),19%
Fruity Juice,Indica/sativa,Medium
Fruity Thai,Indica/sativa,Medium
Full Moon,Sativa (90-100%),15-20%
G-Bomb,Indica (90-100%),High
G13 Hash Plant,Indica (90-100%),High
G13 Haze,Sativa-dominant (80%),21%
G13 Skunk,Indica-dominant,Medium
G13 Widow,Indica-dominant,High
G14,Indica-dominant autoflowering,18%
Galactic Jack,Sativa-dominant (80%),20-25%
Galaxy,Indica-dominant (70%),21%
Ganesh Spirit,Sativa-dominant (60%),18-20%
GG1,Indica (90-100%),16%
Ghingis Khan,Indica-dominant (80%),High
Ghostrider,Indica/sativa,Medium
Gipsy Haze,Sativa-dominant (80%),18-22%
Gipsy Widow,Indica/sativa (50/50),High
Girl Scout Cookies,Indica-dominant (60%),25-28%
Girl Scout Cookies Autoflowering,Indica-dominant autoflowering,20-22%
Girl Scout Haze Cookies,Indica/sativa,15%
Glueberry OG,Indica/sativa,High
GlueChee,Indica-dominant,21-24%
Gnomo Autoflowering,Indica-dominant autoflowering,16%
Go Time,Sativa-dominant,Medium
God's Gift,Indica-dominant,18-22%
Gold Bar Kush,Indica-dominant (60%),Medium
Gold Rush Outdoor,Sativa-dominant (85%),Medium
Golden Berry,Sativa-dominant (60%),High
Golden Haze,Sativa-dominant (70%),22%
Golden Lemons,Indica-dominant (60%),Medium
Golden Tiger,Sativa (100%),20-28%
Golosa,Indica-dominant (80%),26%
Gorilla,Indica-dominant (60%),25%
Gorilla Bomb,Sativa-dominant,25%
Gorilla Girl,Sativa-dominant (60%),19-25%
Gorilla Glue,Indica-dominant,24-30%
Gorilla Glue Autoflowering,Indica-dominant autoflowering,20-24%
Gorilla Zkittlez,Indica-dominant (60%),20-24%
Grand Daddy Purp,Indica-dominant,Medium
Grand OG,Indica-dominant (75%),High
Grandaddy Purple S1,Indica,Medium
Grandaddy White,Indica-dominant,Medium
Grandoggy Purps,Indica-dominant,Medium
Grape Krush,Indica/sativa,Medium
Grape Kush,Indica/sativa,Medium
Grape Lime Ricky,Indica-dominant (60%),Medium
Grape Muerte Autoflowering,Indica-dominant autoflowering,Low
Grape OG,Indica/sativa,Medium
Grapefruit,Sativa-dominant,20%
Grapefruit Autoflowering,Indica/sativa autoflowering,19%
Grapefruit Cheese,Indica-dominant,20%
Grapefruit Diesel,Indica/sativa (50/50),17%
Grapefruit Haze,Sativa-dominant,22%
Grapefruit Kush,Indica-dominant,19%
Grapegod,Indica-dominant,19%
Grapegod x Blueberry,Indica/sativa,Medium
Grapegod x Master Kush,Indica-dominant,Medium
Grateful Casey,Sativa-dominant,Medium
Great White Shark,Indica-dominant (80%),High
Great White Shark CBD,Indica-dominant (70%),7-10%
Green AK XL,Sativa-dominant,18%
Green AK XL Autoflowering,Sativa-dominant autoflowering,15%
Green Crack,Sativa-dominant (60%),18%
Green Crack CBD,Sativa-dominant (60%),6%
Green Gelato,Indica-dominant (55%),25-27%
Green Gummy,Indica-dominant (70%),Medium
Green House Thai,Sativa (90-100%),13.92%
Green Magic,Indica-dominant (60%),19%
Green Poison,Indica-dominant (70%),Medium
Green Poison - F1 Fast Version,Indica-dominant (70%),Medium
Green Poison Autoflowering,Indica-dominant (60%) autoflowering,15-20%
Green Poison CBD,Indica-dominant,5-9%
Green Poison XL Autoflowering,Indica-dominant (60%) autoflowering,15-20%
Green-O-Matic,Indica-dominant (80%) autoflowering,15%
Guava Berry Kush,Indica-dominant (60%),18%
Guayaka,,Medium
Guerrilla’s Gusto,Indica (90-100%),Medium
Guillotine,Indica/sativa autoflowering,15-20%
Gummy Bears,Indica-dominant (70%),
Gypsy Kush,Indica/sativa (50/50),16%
Haoma,Indica-dominant (70%),14%
Happy Brother BX2,Indica-dominant,High
Hash Bomb,Indica-dominant,15-20%
Hash Heaven,Sativa-dominant (80%),High
Hash Plant,Indica (90-100%),Medium
Hash Ultimate,Indica-dominant (80%),18%
Hawaii Maui Waui,Sativa-dominant,Medium
Hawaiian Snow,Sativa-dominant (80%),23%
Haze 2.0 Autoflowering,Sativa-dominant (70%) autoflowering,9-13%
Haze Autoflowering CBD,Sativa-dominant autoflowering,7&
Haze Berry,Sativa-dominant (80%),20%
Haze Gom,Sativa-dominant autoflowering,Medium
Haze Mist,Sativa-dominant,16%
Haze XXL Autoflowering,Sativa-dominant autoflowering,High
Head Cheese,Indica-dominant (75%),Medium
Headband,Indica-dominant (60%),18-20
Headbanger,Sativa-dominant,Medium
Heavy Bud,Indica-dominant,18%
Hell’s Bells,Indica-dominant (70%),19-21%
Hemmy Black,Sativa-dominant,Medium
Herijuana Jack 33,Indica/sativa,Medium
High Level,Sativa (90-100%),16-19%
Hijack Autoflowering,Sativa-dominant autoflowering,High
Himalaya Gold,Indica-dominant (70%),12-13%
Hindu Cream,Indica (90-100%),Medium
Hindu Kush,Indica (100%),18-20%
Hindu Kush Autoflowering,Indica-dominant (90%) autoflowering,Medium
Hollands Hope,Indica-dominant,14.50%
Holy Grail 69,Sativa-dominant (65%),21%
Holy Grail Kush,Indica-dominant,High
Holy Punch,Indica-dominant (70%),20%
Honey B,Sativa (90-100%),18%
Honey Bananas,Indica-dominant,High
Honey Cream - Fast Flowering,Indica-dominant (65%),16%
Honey Peach Auto CBD,Indica-dominant (70%) autoflowering,6-9%
Honeybells,Sativa-dominant (60%),7-10%
Houchie Kouchie Kush,Indica-dominant (70%),24%
HulkBerry,Sativa-dominant (65%),27%
Hurkle,Indica-dominant (60%),10%
ICE,Indica (90-100%),18%
Ice Cool,Sativa-dominant (60%),20-22%
Ice Cool Autoflowering,Indica/sativa autoflowering,16-21%
Ice Cool CBD,Sativa-dominant (60%),5-12%
Ice Cream,60% indica - 40% sativa,Medium
Ice Kush,Indica/sativa,16%
ICED Grapefruit,Indica/sativa,Medium
Iced Widow,Indica-dominant,Medium
Il Diavolo,Indica-dominant autoflowering,17%
Indian Kush,Indica-dominant (80%),20%
Indigo Berry Kush,Indica-dominant (60%),15-21%
Industrial Plant,Indica/sativa (50/50),10-14%
Irie,Sativa-dominant (75%),18-20%
Iron Cindy,Sativa (90-100%),High
Island Sweet Skunk,Sativa-dominant (75%),23%
Jack,Indica/sativa,High
Jack 47 Autoflowering,Sativa-dominant (80%) autoflowering,18-21%
Jack Cheddar,Indica/sativa,Medium
Jack Diesel,Sativa-dominant,22%
Jack F1,Sativa-dominant (75%),Medium
Jack Flash,Indica-dominant (55%),High
Jack Flash 5,Sativa-dominant (65%),Medium
Jack Herer,Indica/sativa,High
Jack Herer Autoflowering,Sativa-dominant autoflowering,16%
Jack La Mota,Sativa-dominant (75%),15-20%
Jack O Nesia,Sativa-dominant,High
Jack Plant,Sativa-dominant,20%
Jack Skellington,Sativa-dominant (70%),High
Jack The Ripper,Sativa-dominant (70%),Medium
Jack The Ripper Autoflowering,Sativa-dominant autoflowering,17%
Jack's Cleaner 2,Sativa-dominant (80%),High
Jacky White,Sativa-dominant (75%),18-22%
Jägg Kush,Sativa-dominant (60%),25%
Jamaican Blueberry BX,Sativa-dominant (70%),17%
Jamaican Dream,Sativa (90-100%),17-21%
Jamaican Lambsbread,Sativa (100%),21-25%
Jamaican OG,Sativa-dominant,High
Jamaican Pearl,Sativa-dominant (85%),Medium
Jenny Kush,Sativa-dominant,High
Jesus OG,Indica-dominant (80%),High
Jet 47,Indica/sativa autoflowering,Medium
Jillybean,Indica-dominant (70%),15-18%
Jock Horror,Sativa-dominant,Medium
John Doe,Sativa-dominant (60%),20-22%
Jorge's Diamonds 1,Indica-dominant,16-18%
Juanita,Sativa-dominant,Low
Juanita La Lagrimosa,Sativa-dominant,6-7%
Julius Caesar,Indica-dominant,Medium
K-Train,Indica,22%
Kabrales,Indica-dominant,Medium
Kaia Kush,Indica-dominant (70%),19-20%
Kalashnikov,Sativa-dominant (60%),19%
Kalashnikov Autoflowering,Sativa-dominant (60%),15%
Kalashnikova,Indica-dominant (80%),15.44%
Kalashnikova Autoflowering,Indica-dominant autoflowering,Medium
Kali 47,Sativa-dominant,19%
Kali China,Indica-dominant (75%),14-22%
Kali Dog,Indica-dominant (60%),18-20%
Kali Haze,Sativa-dominant (75%),High
Kali Mist,Sativa (90-100%),High
Kalijah,Indica-dominant,Medium
Kalini Asia,Indica-dominant (75%),22%
Kama Kush CBD,Indica-dominant,6%
Kandy Kush,Indica-dominant (60%),Medium
Karibbean Mango,Indica-dominant,Medium
Karma's OG,Indica-dominant,Medium
Kaya 47,Sativa-dominant,22%
Khufu,Indica-dominant (75%),20-22%
Kickass Autoflowering,Indica-dominant autoflowering,11%
Killer Grape,Indica/sativa (50/50),High
Killer Kush Autoflowering,Indica-dominant (65%),18-22%
Killer Purps,Sativa-dominant,19-21%
Killer Queen,Indica-dominant,Medium
Killer White,Indica/sativa,14-17%
KillerBee Honey,Sativa-dominant (60%),Medium
King Kong,Indica-dominant,High
King's Kush,Indica-dominant (70%),20%
King's Kush Autoflowering,Indica/sativa autoflowering,Medium
King's Kush Autoflowering CBD,Indica/sativa autoflowering,5-8%
Kiss Dragon,Indica-dominant (60%),18%
Kiwi Kush,Indica-dominant,14-18%
Kiwiskunk,Indica-dominant,Low
Kong 47,Indica-dominant,Medium
Kosher Choco Kush,Indica/sativa (50/50),21%
Kosher Kush,Indica-dominant,Medium
Kosher Tangie Kush,Indica-dominant (60%),21%
Kreamy Karamel,Indica (100%),15-16%
Kritic Autoflowering,Indica-dominant autoflowering,12.50%
Kritikal Bilbo Autoflowering,Indica-dominant autoflowering,Medium
Kritikal-K,Indica-dominant (70%),19-20%
Kryptonite,Sativa-dominant (80%),Medium
Kuchi,Indica-dominant (60%),20-22%
Kush Bomb,Indica/sativa,20-25%
Kush Doctor,Indica/sativa,High
Kush Van Stitch Autoflowering,Indica-dominant,19%
Kush-N-Cheese,Sativa-dominant (60%),High
Kush-N-Cheese Autoflowering,Indica-dominant autoflowering,High
Kushadelic,Indica-dominant (80%),High
Kushage,Indica/sativa,Medium
Kushberry,Indica-dominant (70%),High
LA Affie,Indica (90-100%),Medium
LA Amnesia,Sativa-dominant,20-24%
La Bella Afrodita,Indica/sativa autoflowering,20%
La Blanca,Indica/sativa,14-15%
La Blanca Gold Autoflowering,Indica-dominant (70%) autoflowering,12%
LA Cannalope,Indica/sativa (50/50),Medium
LA Cheese,Indica (90-100%),Medium
LA Chocolat,Indica-dominant (60%),High
LA Confidential,Indica (90-100%),High
La Musa,Indica/sativa autoflowering,19%
La Niña,Indica/sativa,High
La Rica Classic THC,Indica-dominant,20%
LA Ultra,Indica-dominant (80%),19-23%
LA Woman,Indica-dominant (70%),Medium
Ladyburn 1974,Indica/sativa (50/50),21.80%
Landysh,Sativa-dominant (60%),Medium
Langui Kush,Sativa-dominant (80%),Medium
Larry Bird Kush,Indica/sativa (50/50),24-26%
Larry OG Kush,Indica/sativa,Medium
Las Vegas Purple Kush BX,Indica-dominant (80%),High
Laughing Buddha,Sativa-dominant (80%),High
Lavender,Indica-dominant (80%),Medium
Legends Gold,Indica (90-100%),Medium
Lemon AK Autoflowering,Sativa-dominant autoflowering,High
Lemon Auto CBD,Sativa-dominant autoflowering,8%
Lemon Candy,Sativa-dominant (60%),Medium
Lemon Garlic OG,Indica-dominant (80%),17-20%
Lemon Haze,Sativa-dominant (60%),21%
Lemon Haze Autoflowering,Sativa-dominant (70%) autoflowering,Medium
Lemon Head,Sativa-dominant,High
Lemon Ice,Sativa-dominant (60%),Medium
Lemon Juice Express Autoflowering,Sativa-dominant autoflowering,13%
Lemon Kush,Indica/sativa (50/50),20%
Lemon Kush Headband,Sativa-dominant (70%),19-23%
Lemon OG Candy,Sativa-dominant (65%),20%
Lemon OG Haze,Sativa-dominant,Medium
Lemon OG Kush,Indica-dominant (60%),Medium
Lemon Power Haze,Sativa-dominant (75%),20%
Lemon Shining Silver Haze,Sativa-dominant (75%),21%
Lemon Skunk,Sativa-dominant (60%),Medium
Lemon Stilton,Indica/sativa (50/50),Medium
Lemon Thai Kush,Sativa-dominant (60%),16-20%
Lemon Walker,Indica-dominant (60%),Medium
Lemon Zkittle,Sativa-dominant (60%),20%
Lemonesia,Sativa-dominant,Medium
Lennon,Sativa-dominant (80%),19%
Liberty Haze,Sativa-dominant (60%),25%
Little Dipper,Indica-dominant autoflowering,Low
Little Dwarf Autoflowering,Indica/sativa autoflowering,14%
LOL,Sativa-dominant,23%
Lost Coast Hash Plant,Indica-dominant (80%),17-21%
Lost Coast OG,Indica-dominant (75%),17-20%
Lost Coast Skunk Autoflowering,Indica-dominant (80%) autoflowering,11-14%
Louis XIII OG,Indica/sativa,High
Lowryder,Indica-dominant autoflowering,Low
Lowryder 2,Indica-dominant autoflowering,Low
LSD,Indica-dominant (70%),High
LSD Poison,Sativa-dominant (75%),21%
LSD-25,Indica-dominant autoflowering,High
Lucid Bolt,Indica-dominant (70%),17-21%
Lucky Queen,Indica-dominant (70%),Medium
Magma,Indica-dominant,High
Magnum,Sativa-dominant autoflowering,Medium
Magnum Platinum Haze,Sativa-dominant (80%),Medium
Mahayana,Sativa-dominant,Medium
Mako Haze,Sativa-dominant (70%),20%
Malakoff,Sativa-dominant (80%),20%
Malana Bomb Autoflowering,Indica-dominant (70%) autoflowering,Low
Malawi,Sativa (90-100%),24-27%
Malawi Gold,Sativa,Medium
Malibú,Sativa-dominant (80%),High
Mandalay,Sativa-dominant (80%),20%
Mango Haze,Indica/sativa,Medium
Mango Sapphire,Indica-dominant (85%),21-23%
Mango x Widow,Sativa-dominant,Medium
Maple Leaf Indica,Indica (90-100%),Medium
Marionberry Kush,Indica-dominant (60%),23%
Marmalate Early Version,Indica-dominant (70%),21%
Maroc,Indica/sativa,Medium
Martian Kush,Indica-dominant (60%),Medium
Martian Mean Green,Sativa-dominant (60%),High
MassKush,Indica (90-100%),High
Master Hemp,Sativa-dominant (70%),0.3-0.5%
Master Kush,Indica (90-100%),15-18%
Master Kush Autoflowering,Indica-dominant (85%) autoflowering,Medium
Mataró Blue,Indica-dominant,High
Mataró Blue CBD,Indica-dominant,10%
Maxi GoM,Indica/sativa autoflowering,5-10%
Maxi Haze,Sativa-dominant autoflowering,15-20%
Mayday Express,Indica/sativa autoflowering,12-15%
Mazar,Indica-dominant (70%),19.50%
Medi Bomb 1,Indica-dominant,15-20%
Medi Bomb 2,Sativa-dominant,15-20%
Medical 49,Indica-dominant (70%),8%
Medical Kush,Indica-dominant (70%),Medium
Medical Mass,Indica-dominant (60%),10%
Medicine Man,Indica-dominant,Medium
Medijuana CBD,Indica-dominant (80%),Low
Mega Power Plant,Indica (90-100%),Medium
Melon Gum,Indica/sativa (50/50),Medium
Membrana Hiper Autoflowering,Indica/sativa autoflowering,Medium
Mendocino Skunk,Indica-dominant (60%),16-20%
Mendocino x Purple Kush,Indica-dominant (60%),High
Mexican Airlines,Sativa-dominant (70%) autoflowering,19%
Mexican Haze,Sativa-dominant (70%),High
Mexican Sativa,Sativa-dominant (70%),Medium
Michka,Sativa-dominant (80%),Medium
Mickey Kush,Sativa-dominant (75%),High
Micron Auto Tao,Indica-dominant autoflowering,Low
MiG-29 Autoflowering,Indica/sativa autoflowering,High
Mikromachine Autoflowering,Sativa-dominant autoflowering,14-15%
Milky Way,Indica-dominant,High
Missile 33 SuperAuto,Sativa-dominant (60%),
MK-Ultra,Indica-dominant,High
Mkage,Indica/sativa,Medium
Moby Dick,Sativa-dominant (60%),21%
Moby Dick 2,Sativa-dominant (55%),16-20%
Moby Dick Autoflowering,Sativa-dominant (70%) autoflowering,13-17%
Moby Dick CBD,Sativa-dominant (60%),Medium
Moby Dick XXL Autoflowering,Sativa-dominant autoflowering,Medium
Moby XL,Sativa-dominant (65%),19%
Mohan Ram,Indica-dominant (85%),Medium
Mohan Ram Autoflowering,Indica-dominant autoflowering,Medium
Money Maker,Indica-dominant (70%),Medium
Monster,Sativa-dominant (80%),Medium
Monster Dwarf Autoflowering,Indica/sativa autoflowering,Medium
Monster Zkittlez,Indica-dominant (80%),22-23%
Moon Walker Kush,Indica-dominant (80%),High
Morning Glory,Sativa-dominant (60%),High
Moscow Blueberry,Indica/sativa (50/50),18%
Motavation,Indica-dominant,High
Mother’s Finest,Sativa-dominant (70%),High
Mozambica,Sativa (90-100%),Medium
Mystical Blue,Indica-dominant (80%),18%
Nagual,Indica-dominant,8-10%
Narkosis,Indica-dominant,Medium
Nebula,Sativa-dominant (60%),18-22%
Nebula II CBD,Sativa-dominant (60%),4-8%
Nefertiti,Sativa-dominant (80%),22%
Nepal Jam,Sativa-dominant (60%),14-15%
Nepal Kush,Indica (90-100%),Medium
Nepali Queen,Indica-dominant (80%),Medium
Nev OS,Sativa-dominant,High
Nevada Privada,Indica-dominant (60%),Medium
Nevil Bilbo Autoflowering,Sativa-dominant autoflowering,Medium
Neville’s Haze,Sativa (90-100%),20-23%
Neville’s Skunk,Sativa-dominant,High
New Glue,Indica-dominant (80%),27-30%
New York City,Sativa-dominant (70%),Medium
Next Of Kin,Sativa-dominant,21%
Nexus,Sativa-dominant (70%),Medium
NHS,Sativa-dominant,Medium
Nicole Kush,Indica-dominant (75%),Medium
Night Queen,Indica (90-100%),15-20%
Night Shade,Indica-dominant,22%
Nightingale,Indica-dominant,1-10%
NL5 Haze Mist,Sativa-dominant (70%),15%
No Mercy Special,Indica-dominant (60%),Medium
No Name,Indica-dominant (80%),15-20%
Nordle,Indica-dominant,Medium
Northern,Indica-dominant,
Northern Delights Autoflowering,Indica/sativa autoflowering,High
Northern Haze Express,Indica/sativa autoflowering,Medium
Northern Light,Indica (90-100%),18%
Northern Light Blue,Indica (90-100%),20%
Northern Light Blue Autoflowering,Indica-dominant autoflowering,18%
Northern Lights,Indica (90-100%),18%
Northern Lights 5 x Haze,Sativa-dominant (70%),High
Northern Lights 9,Indica-dominant,Medium
Northern Lights Autoflowering,Indica-dominant (90%) autoflowering,14%
Northern Lights x Big Bud Autoflowering,Indica-dominant autoflowering,20%
Northern Lights x Big Bud Ryder,Indica-dominant autoflowering,22%
Northern Lights XL Autoflowering,Indica-dominant autoflowering,14%
Northern Russian Autoflowering,Indica-dominant (70%) autoflowering,19%
Nurse Jackie,Sativa-dominant,21%
NY Purple Diesel,Sativa-dominant,17-19%
Ocean's Twelve Haze,Sativa-dominant,High
OG Bubble Gum,Indica-dominant,19%
OG Bubble Gum Autoflowering,Indica-dominant autoflowering,16%
OG Cheese,Indica (90-100%),Medium
OG Double Bubble,Indica-dominant (80%),18%
OG Kush,Indica-dominant (75%),19-25%
OG Kush Autoflowering,Indica-dominant autoflowering,Medium
OG Kush Autoflowering CBD,Indica-dominant autoflowering,7%
OG Kush CBD,Sativa-dominant (60%),10%
OG Kush x Train Wreck,Indica-dominant,High
OG LA Affie,Indica (90-100%),Medium
OG Lemon Bilbo,Indica-dominant,Medium
OG Reek'n,Indica-dominant (60%),20-23%
OGiesel,Sativa-dominant,Medium
Ogre,Sativa-dominant autoflowering,Medium
Olympia,Indica/sativa (50/50),19%
One To One,Indica/sativa,Low
Onyx Autoflowering,Indica/sativa autoflowering,18%
Opium,Indica/sativa (50/50),17-21%
Orange Bud,Sativa-dominant,16.50%
Orange Candy,Sativa-dominant (65%),19%
Orange Cream,Sativa-dominant,Medium
Orange Delight,Indica-dominant (70%),Medium
Orange Hill Special,Indica/sativa (50/50),21%
Orient Autoflowering,Indica autoflowering,Medium
Original Amnesia,Sativa-dominant (70%),18%
Original Amnesia Autoflowering,Sativa-dominant (70%) autoflowering,9-13%
Original Cheese,Indica/sativa (50/50),Medium
Original Clon,Indica-dominant,18-20%
Original Glue,Indica-dominant,24-30%
Original Skunk,Indica-dominant,17%
Original Skunk Autoflowering,Indica-dominant (70%) autoflowering,15%
Original White Widow,Indica/sativa (50/50),18-22%
Ortega,Indica-dominant,Medium
Ortega Indica,Indica-dominant,13-17%
Outlaw,Sativa-dominant (80%),15-20%
OZ Kush,Indica-dominant (70%),Medium
O’Haze Red,Sativa-dominant,High
Painkiller,Indica-dominant,High
Painkiller XL,Sativa-dominant (75%),9%
Pakistan Chitral Kush,Indica (90-100%),12%
Pakistan Ryder,Indica-dominant autoflowering,20%
Pamir Gold,Indica-dominant (60%),Medium
Panama,Sativa (100%),15-21%
Panama D.C.,Indica/sativa,Medium
Panama Haze,Sativa (90-100%),18-23%
Pandemia Kush,Sativa-dominant (60%),Medium
Pandora,Indica-dominant (70%) autoflowering,15-19%
Pandora's Box,Indica-dominant (60%),Medium
Papaya,Indica/sativa,20-25%
Passion 1,Indica-dominant,18.60%
Passion Fruit,Indica/sativa,20%
Pennywise,Indica-dominant (80%),12-15%
Peppermint Kush,Indica (90-100%),High
Petrodollar,Indica-dominant (60%),High
Peyote Cookies,Indica (90-100%),High
Peyote Critical,Indica (90-100%),High
Phantom OG,Sativa-dominant (55%),Medium
Phat Freddy,Indica-dominant (80%),High
Phatt Fruity,Indica-dominant (70%),19%
Philo Skunk,Indica-dominant (60%),20%
Pina Rita,Sativa-dominant (80%),Medium
Pineapple Chunk,Indica-dominant (80%),High
Pineapple Express Autoflowering,Indica-dominant (70%) autoflowering,Medium
Pineapple Haze,Sativa-dominant (65%),Medium
Pineapple Kush,Indica-dominant,18%
Pineapple Punch,Indica-dominant autoflowering,High
Pineapple Skunk,Indica-dominant (70%),15%
Pineapple Slick,Sativa-dominant,22%
Pink Floyd,Sativa-dominant,Medium
Pink Kush,Indica (100%),High
Pink Plant,Sativa-dominant (85%),17-21%
Pipi,Sativa-dominant (60%),17%
Polar Express,Indica-dominant autoflowering,Medium
PolarLight 3,Sativa-dominant autoflowering,Medium
POW 33,Indica-dominant,High
Power Flower,Sativa-dominant,19+%
Power Kush,Indica/sativa (50/50),12-16%
Power Kush Autoflowering,Indica-dominant autoflowering,14%
Power Plant,Sativa-dominant,20%
Power Plant XL,Sativa-dominant,20%
Power Plant XL Autoflowering,Sativa-dominant autoflowering,15%
Power Skunk,Indica-dominant (85%),Medium
Princess Haze,Sativa-dominant,High
Professor Chaos,Sativa-dominant,Medium
Prozack,Indica-dominant (80%),Medium
Psicodelicia,Sativa-dominant (70%),Medium
Psycho Crack,Sativa-dominant (70%),19%
Pulsar,Sativa (90-100%),Medium
Punky Lion,Indica (90-100%),18%
Pure Kush,Indica-dominant (70%),19.35%
Pure Power Plant,Sativa-dominant (60%),High
Pure Power Plant Autoflowering,Indica/sativa autoflowering,Medium
Purgatory,Indica-dominant (80%),High
Purple 1,Indica/sativa (50/50),Medium
Purple Afghan Kush,Indica-dominant,15-21%
Purple Bud,Indica-dominant (75%),Medium
Purple Cheddar,Indica-dominant,Medium
Purple Chem,Indica-dominant,Medium
Purple Glue,Indica-dominant,25-28%
Purple Haze,Sativa-dominant (70%),High
Purple Kush,Indica-dominant (75%),High
Purple Moby Dick,Sativa-dominant (60%),21%
Purple OG 18,Indica-dominant (70%),Medium
Purple Orange CBD,Sativa-dominant (60%),5%
Purple Pinecone,Indica-dominant,Medium
Purple Queen,Indica-dominant (75%),22%
Purple Romulan,Indica-dominant,Medium
Purple Ryder,Indica-dominant autoflowering,Medium
Purple Sirius Kush Autoflowering,Indica-dominant (60%) autoflowering,17%
Purple Stilton,Indica-dominant,15-18%
Purple Stilton Autoflowering,Indica-dominant autoflowering,Medium
Purple Trainwreck,Indica-dominant (65%),15-17%
Purps 1,Indica-dominant,High
Qleaner,Sativa-dominant (60%),17-20%
Qrazy Train,Indica/sativa (50/50),Medium
Queen Anne's Revenge,Indica/sativa (50/50),Medium
Queen of Soul,Sativa-dominant,Medium
Querkle,Indica-dominant (80%),Medium
Queso Fuertes,Sativa-dominant (70%),Medium
Quick Critical+,Indica-dominant (75%),16-20%
Quick Kush,Indica-dominant (75%),18-25%
Quick One,Indica-dominant (60%) autoflowering,13%
Qush,Indica-dominant (70%),Medium
Rainbow Jones,Indica/sativa,Medium
Ramses,Sativa-dominant (80%),18%
Raspberry Cough,Sativa-dominant,High
Raspberry Diesel,Sativa-dominant (65%),18-21%
Raspberry Waffles CBD,Sativa-dominant (70%),Medium
Rawdawg,Indica-dominant (70%),23%
Ray's Choice,Sativa-dominant (80%),High
ReCon,Indica-dominant (80%),Medium
Red Cherry Berry,Indica-dominant (70%),18%
Red Diesel,Indica/sativa (50/50),High
Red Dragon,Sativa-dominant (60%),23%
Red Dwarf,Indica-dominant autoflowering,Medium
Red Poison Autoflowering,Indica/sativa autoflowering,Medium
Red Purps,Indica-dominant,Medium
Remo Chemo,Indica-dominant (65%),24%
René,Indica-dominant,Medium
Respect,Sativa-dominant,Medium
Rhino Ryder,Indica/sativa autoflowering,15-20%
Ripped Bubba,Indica-dominant,Medium
Ripper Haze,Sativa-dominant (80%),High
Roadrunner 2 Autoflowering,Indica-dominant autoflowering,Medium
Rockbud,Indica-dominant (80%),Medium
Rocklock,Indica-dominant (80%),Medium
Rollex OG Kush,Indica-dominant (60%),20-23%
Romulan,Indica-dominant,High
Romulan Diesel,Indica/sativa,Medium
Romulan Grapefruit,Indica-dominant,High
Romulan Haze,Sativa-dominant,High
Romulan ISS,Indica/sativa,21%
Romulan Kush,Indica-dominant,Medium
Roof 95,Indica (90-100%),Medium
Roots,Indica-dominant,
Rosetta Stone,Indica/sativa,Medium
Rotten Panda,Indica/sativa,Medium
Royal AK,Sativa-dominant (60%),19+%
Royal AK Autoflowering,Indica/sativa autoflowering,15%
Royal Bluematic,Indica-dominant (60%) autoflowering,14%
Royal Cheese (Fast Flowering),Indica-dominant (60%),17%
Royal Cheese Autoflowering,Indica-dominant autoflowering,15%
Royal Cookies,Indica-dominant (80%),23%
Royal Cookies Autoflowering,Indica-dominant (60%) autoflowering,18%
Royal Creamatic,Indica-dominant (60%),15%
Royal Critical Autoflowering,Indica-dominant autoflowering,14%
Royal Domina,Indica-dominant (85%),20%
Royal Dwarf,Sativa-dominant (60%) autoflowering,13%
Royal Gorilla,Indica/sativa (50/50),27%
Royal Gorilla Autoflowering,Indica-dominant autoflowering,20%
Royal Haze Autoflowering,Sativa-dominant autoflowering,15%
Royal Highness,Sativa-dominant (60%),14%
Royal Jack Autoflowering,Sativa-dominant autoflowering,16%
Royal Kush Autoflowering,Indica-dominant autoflowering,13-15%
Royal Madre,Sativa-dominant (70%),18+%
Royal Medic,Sativa-dominant (75%),10%
Royal Moby,Sativa-dominant (65%),21%
Royal Queen,Indica-dominant (75%),High
Royale Haze,Sativa-dominant (85%),16-20%
Ruderalis Indica,Indica (90-100%),Low
Ruderalis Skunk,Indica-dominant (70%),Medium
Russian Doll,Sativa-dominant (70%),Medium
Russian Snow,Indica (90-100%),18%
Rusty Haze,Sativa-dominant (80%),High
S.A.D. Autoflowering,Indica-dominant autoflowering,Medium
S.A.D. Sweet Afgani Delicious CBD,Indica-dominant (60%),5-11%
S.A.D. Sweet Afgani Delicious S1,Indica (90-100%),15-20%
S.A.G.E. CBD,Indica/sativa,Medium
San Fernando Lemon Kush,Sativa-dominant (65%),14-21%
Sandstorm,Indica (90-100%),15%
Sangria,Indica-dominant (60%),Medium
Santa Maria,Sativa-dominant (75%),Medium
Santa Muerte,Sativa (90-100%),18-20%
Santa Sativa,Sativa-dominant (70%),16-20%
Scarlet Queen,Sativa-dominant (60%),Medium
Scott’s OG,Indica-dominant,High
Sensi Skunk,Indica-dominant (80%),Medium
Sensi Skunk Autoflowering,Indica-dominant (80%) autoflowering,Medium
Sensi Star,Indica (90-100%),18-22%
Serious 6,Sativa (90-100%),17%
Serious Happiness,Indica/sativa,High
Serious Kush,Indica-dominant,High
SexBud,Sativa-dominant,Medium
Shaman,Sativa-dominant (75%),Medium
Shark,Indica-dominant (80%),14-16%
Shark Attack,Indica-dominant (70%),12-16%
Shark Shock,Indica-dominant,Medium
Shark Shock CBD,Indica-dominant (80%),6%
Shark Widow,Indica (90-100%),17%
Shark Widow CBD,Indica-dominant,6%
Sharksbreath,Indica-dominant (80%),Medium
Shining Silver Haze,Sativa-dominant (75%),21%
ShiskaBerry,Indica (100%),Medium
Shit,Indica-dominant,Medium
Shiva Shanti,Indica-dominant (85%),Medium
Shiva Shanti 2,Indica-dominant (75%),Medium
Shiva Skunk,Indica-dominant (85%),Medium
Shiva Skunk Autoflowering,Indica-dominant (80%) autoflowering,Medium
Shivawreck,Sativa-dominant (80%),Medium
Shoreline,Indica-dominant (60%),19-21%
Siberian Haze,Sativa-dominant (65%),22%
Siberian Haze Autoflowering,Sativa-dominant autoflowering,18%
Silver Cheese,Sativa-dominant (75%),Medium
Silver Haze,Sativa-dominant (80%),High
Silver Haze 9,Sativa-dominant (80%),High
Silver LA,Indica-dominant (60%),Medium
Silver Star Haze,Sativa-dominant (60%),19%
Silver Surfer Haze,Sativa,High
Sin City Kush,Indica-dominant,High
Sin Tra Bajo Autoflowering,Indica-dominant autoflowering,Low
Sir Jack,Sativa-dominant (70%),High
Sir Jack Autoflowering,Indica/sativa autoflowering,Medium
Sister Glue,Indica-dominant,24-30%
Six Shooter,Indica/sativa autoflowering,21%
Skunk,Indica-dominant (80%),17%
Skunk 1,Indica-dominant (65%),Medium
Skunk 1 Autoflowering,Indica-dominant (65%) autoflowering,Medium
Skunk 11,Sativa-dominant,Medium
Skunk 47,Indica (90-100%),20-23%
Skunk Afghani,Indica/sativa,19%
Skunk Autoflowering,Indica-dominant (60%) autoflowering,Medium
Skunk Classic,Indica/sativa (50/50),Medium
Skunk Haze,Indica/sativa,Medium
Skunk Kush,Indica-dominant (60%),Medium
Skunk XL,Indica/sativa (50/50),17%
Skyscraper Kush,Sativa-dominant (70%),Medium
Skywalker Kush,Indica-dominant,High
Sleepy Yoda Autoflowering,Indica-dominant autoflowering,20%
Sleestack,Sativa-dominant (70%),Medium
Smurfberry,Indica-dominant autoflowering,Medium
Snow Bud,Sativa-dominant (60%),Medium
Snow White,Indica-dominant (65%),Medium
So G Kush,Indica-dominant (80%),High
SoGouda,Indica-dominant (70%),Medium
Solo Ryder,Indica-dominant autoflowering,Low
Somalicious,Indica-dominant (85%),Medium
Somango,Indica-dominant (75%),Medium
Somango 47,Indica-dominant,18%
Somango Widow,Indica-dominant,17%
Somango XL,Indica-dominant (75%),18+%
Sonic Screwdriver,Sativa-dominant (75%),15-16%
Sour Banana Sherbet,Indica/sativa (50/50),Medium
Sour Blueberry,Sativa-dominant (60%),14%
Sour Chiesel Autoflowering,Indica-dominant (85%) autoflowering,Medium
Sour Cream,Sativa-dominant (70%),High
Sour Diesel,Sativa-dominant (70%),19%
Sour Diesel 2,Sativa-dominant (70%),17-20%
Sour Diesel Autoflowering,Sativa-dominant autoflowering,Medium
Sour Jack,Sativa-dominant,Medium
Sour Kosher,Sativa-dominant (70%),High
Sour Kush,Indica-dominant (70%),Medium
Sour P,Sativa-dominant (55%),20-22%
Sour Pink Grapefruit,Indica/sativa,Medium
Sour Secret,Indica-dominant (80%),High
Sour Star,Indica/sativa,Medium
Sour Tangie,Sativa-dominant (80%),Medium
SourPower,Sativa-dominant,High
South Star,Indica/sativa (50/50),High
Space Bomb,Sativa-dominant (60%),15%
Space Cookies,Indica-dominant (60%),18-22%
Space Queen,Indica/sativa (50/50),Medium
Special Kush,Indica-dominant (60%),17%
Special Kush 1,Indica-dominant (80%),17%
Special Queen 1,Indica/sativa (50/50),18%
Speed Devil 2 Autoflowering,Indica-dominant autoflowering,Low
Speedy Boom Autoflowering,Sativa-dominant autoflowering,13%
Speedy Chile (Fast Flowering),Indica-dominant (70%),16%
Spice,Indica/sativa,Medium
Spicy CBD,Sativa-dominant (70%),8%
Spicy White Devil,Sativa-dominant (65%),21%
Spiritual Punk,Indica (100%),18%
Spoetnik 1,Indica (90-100%),18-22%
SPR Haze,Sativa-dominant,High
Sra. Amparo,Sativa-dominant,Medium
SSSDH x Jack,Sativa-dominant,High
Stacked Kush,Sativa-dominant (60%),Medium
Star Killer,Indica-dominant (70%),Medium
StarBerry,Indica-dominant,Medium
StarBud,Indica-dominant,Medium
Stardust Autoflowering,Indica/sativa,
StarRyder,,15-19%
Sterling Haze,Sativa-dominant,High
Sticky Beast Autoflowering,Indica-dominant (60%) autoflowering,16%
Strawberries and Cream,Sativa-dominant,Medium
Strawberry AKeil,Sativa-dominant,High
Strawberry Amnesia,Sativa-dominant,20-22%
Strawberry Banana,Indica-dominant (70%),Medium
Strawberry Blue,Sativa-dominant (75%),20%
Strawberry Cough,Sativa-dominant (80%),Medium
Strawberry D-Lite,Indica/sativa,Medium
Strawberry Daiquiri,Sativa-dominant (70%),Medium
Strawberry Glue,Indica-dominant,28%
Strawberry Shortcake,Sativa-dominant,18-22%
Strawberry Skunk,Indica-dominant (75%),Medium
Strawberry Sour Diesel,Sativa-dominant (75%),19-22%
Strawberry Sour Haze,Indica/sativa,Medium
Stress Killer Autoflowering CBD,Sativa-dominant (60%) autoflowering,11%
Sucker Punch,,20%
Sugar Baby Autoflowering,Indica-dominant autoflowering,Medium
Sugar Black Rose,Indica-dominant (80%),18-20%
Sugar Candy,Indica-dominant (60%),25%
Sugar Gom,Sativa-dominant,Medium
Sugar Mango Ryder,Indica-dominant autoflowering,18%
Sugar Pop,Sativa-dominant (60%),18%
Sunshine,Sativa-dominant (70%),High
Super Automatic Sativa S.A.S.,Sativa-dominant autoflowering,Medium
Super Bud,Indica-dominant (80%),17.33%
Super Bud Autoflowering,Indica/sativa autoflowering,Medium
Super Cheese Express,Indica-dominant autoflowering,Medium
Super Critical,Indica-dominant (70%),Medium
Super Critical Autoflowering,Indica-dominant (80%) autoflowering,Medium
Super Crystal,Indica-dominant,High
Super Hash,Indica (90-100%),20%
Super Lemon Haze,Sativa-dominant (70%),19%
Super Lemon Haze Auto CBD,Sativa-dominant (60%) autoflowering,5-8%
Super Lemon Haze Autoflowering,Sativa-dominant autoflowering,Medium
Super Lemon Haze CBD,Sativa-dominant (70%),9-12%
Super OG Kush,Indica-dominant (80%),20%
Super Silver,Sativa (90-100%),High
Super Silver Bilbo,Sativa-dominant,High
Super Silver Haze,Sativa-dominant (70%),21%
Super Silver Haze Autoflowering,Sativa-dominant autoflowering,17%
Super Silver Haze CBD,Sativa-dominant (70%),8-14%
Super Silver Sour Diesel Haze,Sativa-dominant,High
Super Skunk,Indica-dominant (80%),Medium
Super Skunk Autoflowering,Indica-dominant (80%) autoflowering,14%
Super Sour Skunk,Sativa-dominant,15%
Supercheese,Indica/sativa,Medium
Superglue,Indica-dominant (60%),18-19%
Supreme CBD Durban,Sativa-dominant (70%),8%
Supreme CBD Kush,Sativa-dominant (70%),9.50%
Swazi Gold,Sativa (90-100%),High
Sweet 'N Sour Indoor,Sativa-dominant (80%),Medium
Sweet Amnesia Haze,Sativa-dominant (70%),16-22%
Sweet Black Angel,Indica-dominant (80%),18%
Sweet Bubble,Sativa-dominant (60%),19%
Sweet Candy,Indica-dominant (70%),17%
Sweet Candy Autoflowering,Indica-dominant (60%) autoflowering,15%
Sweet Cheese,Sativa-dominant (70%),15-20%
Sweet Cheese Autoflowering,Sativa-dominant autoflowering,15-20%
Sweet Coffee Ryder,Sativa-dominant autoflowering,19%
Sweet Deep Grapefruit,Indica-dominant (80%),12-19%
Sweet Kush,Indica-dominant,Medium
Sweet Love,Sativa-dominant (60%),16%
Sweet Mango Autoflowering,Indica-dominant (80%) autoflowering,15%
Sweet Moby,Sativa-dominant,High
Sweet Nurse Auto CBD,Indica-dominant (60%) autoflowering,5-10%
Sweet Pink Grapefruit,Indica/sativa,Medium
Sweet Pure CBD,Sativa-dominant (60%),0.4-1%
Sweet Purple,Indica/sativa (50/50),Medium
Sweet Skunk Autoflowering,Indica-dominant (60%) autoflowering,15%
Sweet Special Autoflowering,Indica-dominant (60%) autoflowering,Medium
Sweet Tai,Sativa-dominant (70%),Medium
Sweet Tooth,Indica-dominant (70%),20%
Sweet Tooth Autoflowering,Indica-dominant (60%) autoflowering,Low
Sweet Trainwreck Autoflowering,Indica/sativa autoflowering,17-20%
Swiss Cheese,Indica-dominant,Medium
Swiss Dream Auto CBD,Sativa-dominant autoflowering,0.60%
Swiss Dream CBD,Sativa-dominant,0.22%
Syrup,Indica-dominant autoflowering,Medium
T99,Indica-dominant (80%),High
Tahoe OG Kush,Sativa-dominant,Medium
Taiga 2,Indica/sativa autoflowering,High
Taison Autoflowering,Indica-dominant autoflowering,Medium
Tangerine Dream,Indica-dominant (70%),25%
Tangerine Dream Autoflowering,Indica-dominant (80%) autoflowering,12-15%
Tangerine G13,Indica-dominant (60%),Medium
Tangie,Sativa-dominant (70%),Medium
Tangie Ghost Train,Sativa-dominant,High
Tangie'matic,Sativa-dominant autoflowering,21-22%
Tangilope,Sativa-dominant (80%),Medium
Tank,Sativa,
Tasman Haze,Sativa-dominant,High
Temple Haze,Sativa-dominant (70%),High
Thai,Sativa (100%),18-22%
Thai Fantasy,Sativa-dominant (65%),Medium
THC Bomb,Indica/sativa (50/50),20-25%
THC Bomb Autoflowering,Indica/sativa autoflowering,18-22%
THC Bunker Buster,Indica-dominant (80%),18%
The Bulldog Chronic,Indica-dominant,Medium
The Bulldog Haze,Sativa-dominant (60%),High
The Church,Indica-dominant (60%),20%
The Church CBD,Indica-dominant (60%),8-11%
The Cure,Sativa-dominant,Medium
The Dark Side,Sativa-dominant (60%),Medium
The Doctor,Indica-dominant (70%),17%
The Edge,Sativa-dominant (75%),17-21%
The Kali,Indica (90-100%),Medium
The OG 18,Indica-dominant,High
The OX,Indica-dominant,Medium
The Stones,Sativa-dominant,Medium
The Third Dimension,Sativa-dominant (60%),16%
The Tombs,Sativa-dominant,Medium
The True OG,Indica-dominant,25-27%
The Ultimate,Indica/sativa (50/50),20%
The Void,Sativa-dominant (60%),Medium
Think Big,Sativa-dominant autoflowering,Medium
Think Different,Sativa-dominant autoflowering,16-18%
Think Fast,Sativa-dominant,Medium
Thunder Bloody Mary Autoflowering,Indica-dominant autoflowering,21%
Tijuana,Sativa (90-100%),High
Tikal,Sativa-dominant (75%),15-20%
Timanfaya Autoflowering,Sativa-dominant autoflowering,Medium
Timewarp,Indica-dominant,16%
TNT Kush,Indica (90-100%),18-22%
TNT Kush CBD,Indica-dominant,10%
Top 44,Indica-dominant,Medium
Top Dawg,Sativa-dominant (60%),Medium
Tora Bora,Indica (90-100%),Medium
Torpedo,Indica/sativa (50/50),High
Toxic,Sativa-dominant (60%),Medium
Toxic Blue 33,Indica-dominant,Medium
Train Wreck,Indica-dominant (60%),20-22%
Trans Love,Sativa-dominant,Medium
Trans Siberian,Indica/sativa autoflowering,High
Transkei,Sativa (90-100%),Medium
Triangle Kush Cookies,Indica-dominant,High
Triple Cheese,Indica-dominant (80%),High
Tropimango,Indica-dominant (70%),18%
True Blueberry,Indica-dominant,High
Trueberry,Indica-dominant,Medium
Tundra 2,Indica-dominant autoflowering,Medium
Turing Autoflowering,Indica-dominant autoflowering,16%
Tutankhamon,Sativa-dominant (60%),23%
Twilight,Indica-dominant,10-15%
Txaki,Sativa-dominant,7%
Txees Bilbo,Indica-dominant,Medium
Txomango,Indica-dominant,Medium
U2,Sativa-dominant,Medium
UK Cheese Autoflowering,Indica-dominant (70%) autoflowering,13-16%
Ultra Lemon Haze,Sativa-dominant autoflowering,High
Ultra Skunk,Sativa-dominant (60%),11%
Ultra Sour Kush,Sativa-dominant (70%),Medium
Ultra White Amnesia,Sativa-dominant (75%),22%
Ultraviolet Autoflowering,Sativa-dominant autoflowering,21%
UnderDawg Kush,Sativa-dominant (60%),Medium
Unknown Kush,Indica/sativa,21%
Utopia Haze,Sativa (90-100%),22%
Vanilla Haze,Sativa-dominant,Medium
Vanilla ICE,Indica-dominant,17%
Vanilla Ice Autoflowering,Indica-dominant autoflowering,13%
Vanilla Kush,Indica-dominant (80%),High
Vanilluna,Indica/sativa,Medium
Veneno,Indica-dominant (85%),18-20%
Vertigo,Indica/sativa autoflowering,15-19%
Viagrra,Indica/sativa (50/50),High
Violator Kush,Indica-dominant (80%),22%
Violeta,Indica-dominant (60%),12-17%
VIP Autoflowering,Sativa-dominant (70%) autoflowering,Medium
Viper,Sativa-dominant,Medium
Vision Jack Autoflowering,Indica-dominant autoflowering,16%
Vision Kush Autoflowering,Indica-dominant (70%) autoflowering,19%
Vortex,Sativa-dominant (80%),18%
Wacky Widow,Indica-dominant (60%),16-19%
Walkabout,Sativa-dominant,Medium
Wappa,Indica-dominant (60%),Medium
Warlock,Indica-dominant,High
Washing Machine,Indica-dominant (80%),High
Wembley,Indica-dominant (80%),Medium
West Coast OG,Indica-dominant autoflowering,21%
Western Winds,Sativa-dominant,Medium
Where's My Bike,Sativa-dominant,High
Whitaker Blues,Indica-dominant (80%),Medium
White Alien,Sativa-dominant (60%),High
White Berry,Indica-dominant (75%),Medium
White Cheese Autoflowering,Indica-dominant (90%) autoflowering,9-13%
White Choco,Indica/sativa (50/50),19%
White Choco Haze,Sativa-dominant (80%),20%
White Critical Express,Indica-dominant (70%),21%
White Diesel,Indica-dominant (60%),High
White Diesel Haze Autoflowering,Sativa-dominant (70%) autoflowering,Medium
White Domina,Indica (90-100%),High
White Gold,Indica-dominant (60%),Medium
White ICE,Indica-dominant (80%),Medium
White Kush,Indica (90-100%),17%
White Lemon,Indica/sativa (50/50),Medium
White OG,Indica-dominant,High
White Panther,Indica/sativa,Medium
White Rhino,Indica-dominant (80%),20%
White Russian,Indica-dominant,High
White Siberian,Indica-dominant (75%),22%
White Skunk,Indica-dominant (65%),Medium
White Skunk Autoflowering,Indica-dominant (65%) autoflowering,Medium
White Spanish,Sativa-dominant,High
White Strawberry Skunk,Indica/sativa (50/50),Medium
White Walker Kush,Sativa-dominant (60%),Medium
White Widow,Indica-dominant (60%),20-22%
White Widow Autoflowering,Indica-dominant autoflowering,12%
White Widow Autoflowering CBD,Indica-dominant autoflowering,5%
White Widow Haze,Sativa-dominant,20%
White Widow x Big Bud,Indica/sativa (50/50),Medium
White Widow x Critical,Indica-dominant (80%),20%
White Widow XL,Indica-dominant,19%
White Widow XXL Autoflowering,Indica-dominant autoflowering,Medium
White Willow,Indica-dominant (65%),High
White Yoda Autoflowering,Indica-dominant autoflowering,Medium
Widow Bomb,Indica-dominant (60%),20-25%
Widow Remedy,Sativa-dominant (60%),Medium
Wild Rose,Sativa-dominant (65%),15-20%
William's Wonder,Indica (100%),20-21%
Wombat,Sativa-dominant (70%),18-20%
Wonder Kush,Indica-dominant,20%
Wonder Woman,Indica-dominant,Medium
Wreckage,Indica/sativa,Medium
X Haze,Sativa-dominant (60%),Medium
Yellowstone,Sativa-dominant (60%),Medium
Yumbolt,Indica-dominant,Medium
Yummy,Sativa-dominant (60%),19-23%
Zamal Reunion,Sativa (90-100%),High
Zamaldelica,Sativa (90-100%),17-27%
Zen,Sativa-dominant,Medium
Zensation,Indica-dominant (75%),20-24%
Zim-Licious,Sativa (90-100%),Unknown
Zkittlez,Indica-dominant (70%),15%
Zkittlez Autoflowering,Indica-dominant autoflowering,High
Zombie Kush,Indica-dominant (80%),High
Zuri Widow,Indica-dominant,15%
+Speed Autoflowering,Indica-dominant autoflowering,15-20%
1024,Sativa-dominant (70%),20-25%
2 Pounder,Sativa-dominant (70%),High
2046,Sativa (90-100%),High
24k Gold,Indica-dominant (60%),18-24%
501st OG,Indica-dominant,High
5th Element,Indica-dominant,Medium
60 Day Lemon,Indica-dominant (80%) autoflowering,Low
60 Day Wonder,Indica-dominant (90%) autoflowering,Low
707 Headband,Sativa-dominant (70%),19-23%
707 Truthband,Indica-dominant (70%),19-23%
7th Wave,Indica-dominant,15-20%
8 Ball Kush,Indica (90-100%),20%
818 Headband,Indica/sativa,Medium
9 Pound Hammer,Indica-dominant (80%),25%