Strain,Type,Pct,THC_max,THC_avg
Alien Technology,indica,100%,19.00%,13.00%
Arcata Trainwreck,sativa,70% Leaning,26.00%,21.00%
Aspen OG,sativa,60% Leaning,20.00%,15.00%
Blue Cookies,indica,60% Leaning,24.60%,19.00%
Blue Dream,hybrid,50%,26.50%,21.00%
Blue God,indica,90%,20.00%,15.00%
Blue Ivy,indica,60% Leaning,20.00%,13.00%
Chem's Sister,sativa,75% Leaning,27.50%,18.00%
Chemdawg 91,hybrid,50%,24.00%,16.50%
Girl Scout Cookies,indica,60% Leaning,28.00%,26.00%
Gorilla Glue #4,sativa,65% Leaning,32.00%,20.00%
Green Kush,hybrid,50%,24.00%,23.00%
Lemon Haze,sativa,70% Leaning,25.00%,18.00%
Lucky Charms,hybrid,50%,22.00%,19.00%
Monster Cookies,indica,80% Leaning,15.50%,10.00%
OG Kush,sativa,55%,27.00%,22.00%
Orange Creamsicle,sativa,60% Leaning,18.00%,13.00%
Pineapple Express,sativa,60% Leaning,26.50%,24.00%
Snow White,indica,65% Leaning,22.30%,16.70%
Sour Diesel,sativa,80% Leaning,24.90%,17.00%
Stardawg,sativa,60% Leaning,22.00%,16.00%
The Brotherhood,sativa,70% Leaning,28.00%,18.00%
$100 OG Kush,hybrid,50%,25.00%,22.00%
13 Dawgs,hybrid,50%,19.00%,16.00%
24K Gold,indica,60% Leaning,24.00%,15.00%
303 OG,indica,60% Leaning,26.00%,21.00%
3x Crazy,hybrid,50%,23.00%,20.00%
60 Day Wonder,indica,60% Leaning,14.00%,9.00%
707 Headband,indica,60% Leaning,24.00%,17.00%
8 Ball Kush,indica,100%,18.00%,17.00%
8 Miles High,sativa,60% Leaning,23.00%,15.00%
818 OG,indica,70% Leaning,20.00%,19.00%
9 Pound Hammer,indica,80% Leaning,23.00%,19.00%
98 White Widow,indica,70% Leaning,20.00%,20.00%
A-10,indica,90%,24.00%,18.00%
A-Dub,hybrid,50%,30.00%,25.00%
A-Train,hybrid,50%,20.00%,16.00%
Aberdeen,sativa,75% Leaning,15.00%,15.00%
Abusive OG,indica,100%,32.00%,21.00%
Acapulco Gold,sativa,80% Leaning,23.00%,15.00%
ACDC,hybrid,50%,6.00%,1.00%
Ace Killer OG,indica,70% Leaning,27.00%,26.00%
Ace of Spades,indica,60% Leaning,20.00%,15.00%
Aceh,sativa,100%,10.00%,10.00%
Acid,indica,60% Leaning,23.00%,19.00%
Afghan Cow,sativa,75% Leaning,22.00%,20.00%
Afghan Diesel,hybrid,50%,23.00%,19.00%
Afghan Haze,sativa,60% Leaning,21.00%,19.00%
Afghan Kush,indica,95%,17.00%,13.50%
Afghan Skunk,indica,85% Leaning,18.00%,17.00%
Afghani,indica,100%,21.00%,15.00%
Afgooey,indica,80% Leaning,20.00%,16.00%
African,sativa,100%,10.00%,10.00%
Afternoon Delight,sativa,70% Leaning,18.00%,16.00%
Afwreck,sativa,60% Leaning,26.00%,18.00%
Agent Orange,sativa,75% Leaning,15.00%,14.00%
Agent Tangie,sativa,70% Leaning,18.00%,17.00%
AK-47,sativa,65% Leaning,20.00%,14.00%
Alaska,sativa,70% Leaning,31.00%,25.00%
Alaskan Ice,sativa,80% Leaning,21.60%,18.00%
Alaskan Thunderfuck,sativa,60% Leaning,27.00%,17.00%
Albert Walker,indica,60% Leaning,15.00%,10.00%
Alchemy,hybrid,50%,22.00%,21.00%
Alf,indica,70% Leaning,15.00%,15.00%
Alice In Wonderland,sativa,85% Leaning,23.00%,19.00%
Alien Abduction,indica,70% Leaning,29.00%,25.00%
Alien Bubba,indica,70% Leaning,21.00%,19.00%
Alien Dawg,indica,70% Leaning,20.00%,16.00%
Alien Fire,indica,70% Leaning,18.00%,14.00%
Alien Inferno,indica,70% Leaning,20.00%,19.00%
Alien Kush,indica,60% Leaning,19.00%,14.50%
Alien OG,sativa,60% Leaning,28.00%,20.00%
Alien Reunion,hybrid,50%,28.00%,24.00%
Alien Rift,indica,70% Leaning,24.00%,22.00%
Alien Rock Candy,indica,55%,18.00%,17.00%
Alien Sour Apple,hybrid,50%,28.00%,25.00%
Allen Wrench,sativa,80% Leaning,28.00%,16.00%
Allkush,indica,75% Leaning,18.00%,16.00%
Aloha,sativa,100%,24.00%,19.00%
Aloha Berry,indica,60% Leaning,28.00%,22.00%
Alpha Blue,sativa,90%,20.00%,15.00%
Alpha Cow,sativa,90%,22.00%,21.00%
Alpha Express,sativa,80% Leaning,21.00%,20.00%
Alpha OG,indica,75% Leaning,24.00%,21.00%
Alpha Omega OG,sativa,70% Leaning,,
Alpine Blue,sativa,60% Leaning,,
Alpine Star,indica,75% Leaning,24.00%,23.00%
Ambrosia,sativa,70% Leaning,16.00%,13.00%
American Dream,indica,60% Leaning,18.00%,13.00%
American Kush,indica,70% Leaning,27.00%,20.00%
Americano,indica,90%,20.00%,19.00%
Amethyst,indica,80% Leaning,20.00%,18.00%
Amnesia,hybrid,50%,20.00%,13.00%
Amnesia Haze,sativa,80% Leaning,25.00%,17.00%
Ancient Kush,indica,85% Leaning,21.00%,18.00%
Ancient OG,indica,85% Leaning,21.00%,17.00%
Anesthesia,indica,90%,19.00%,19.00%
Animal Cookies,indica,75% Leaning,27.00%,18.50%
Anonymous OG,indica,70% Leaning,20.00%,20.00%
Anunnaki,sativa,80% Leaning,19.00%,14.00%
Ape Shit,hybrid,50%,19.00%,17.00%
Apollo 13,sativa,85% Leaning,17.90%,15.00%
Appalachia,hybrid,50%,21.00%,18.00%
Apple Jack,hybrid,50%,20.00%,19.00%
Apple Kush,indica,60% Leaning,20.00%,15.00%
Arabian Gold,hybrid,50%,22.00%,11.00%
Arctic Sun,sativa,60% Leaning,22.00%,20.00%
ArcticBlue,indica,60% Leaning,21.00%,18.00%
Area 51,hybrid,50%,23.00%,21.00%
Argyle,indica,80% Leaning,13.00%,10.00%
Arjan's Haze,sativa,70% Leaning,22.00%,15.00%
Armageddon,sativa,80% Leaning,20.00%,16.00%
Ash,indica,70% Leaning,20.00%,17.00%
Asian Fantasy,sativa,100%,24.00%,22.00%
Astroboy,sativa,70% Leaning,21.00%,18.00%
Atmosphere,hybrid,50%,23.00%,20.00%
Atomic Goat,hybrid,50%,21.00%,18.00%
Atomic Northern Lights,indica,60% Leaning,24.00%,16.00%
Aurora Borealis,hybrid,50%,22.00%,20.00%
Aurora Indica,indica,90%,20.00%,15.00%
Avalon,indica,75% Leaning,19.00%,14.00%
Avi,hybrid,50%,10.00%,7.00%
Azure Haze,indica,80% Leaning,20.00%,18.00%
B-52,indica,75% Leaning,18.00%,14.00%
B. Lee,sativa,65% Leaning,20.00%,14.00%
B4,hybrid,50%,26.00%,21.00%
Bakerstreet,indica,100%,28.00%,20.00%
Balmoral,hybrid,50%,21.00%,21.00%
Banana Candy,indica,100%,24.00%,20.00%
Banana Diesel,indica,70% Leaning,23.00%,21.00%
Banana Kush,indica,60% Leaning,18.00%,16.00%
Banana OG,indica,60% Leaning,25.00%,22.00%
Banana Peel,hybrid,50%,20.00%,18.00%
Banana Split,indica,70% Leaning,25.00%,22.00%
Bandana,sativa,70% Leaning,15.00%,14.00%
Barbara Bud,indica,80% Leaning,19.00%,14.00%
Batgirl,sativa,60% Leaning,24.00%,22.00%
Batman OG,indica,70% Leaning,25.00%,24.00%
Bay 11,sativa,60% Leaning,25.00%,15.00%
Bay Dream,sativa,80% Leaning,26.00%,14.50%
Bazooka Joe,indica,70% Leaning,18.00%,15.00%
BB King,indica,75% Leaning,16.00%,15.00%
BC Big Bud,sativa,60% Leaning,21.00%,16.00%
BC Roadkill,indica,70% Leaning,25.00%,18.00%
BC Sweet Tooth,indica,90%,13.00%,11.00%
Beast Mode 2.0,indica,70% Leaning,23.00%,21.00%
Beast Mode OG,indica,70% Leaning,20.00%,20.00%
Belladonna,sativa,60% Leaning,26.00%,18.00%
Berkley,sativa,100%,28.00%,26.00%
Berry Bomb,indica,80% Leaning,23.00%,16.00%
Berry Noir,hybrid,50%,20.00%,19.00%
Berry OG,hybrid,50%,20.00%,15.00%
Berry Sanders,sativa,70% Leaning,27.00%,16.00%
Berry White,indica,65% Leaning,22.00%,16.00%
Bettie Page,hybrid,50%,19.00%,15.00%
Betty Boo,indica,60% Leaning,16.00%,14.00%
Beyond the Brain,sativa,80% Leaning,25.00%,18.00%
Big Bang,indica,60% Leaning,19.00%,13.00%
Big Bud,indica,85% Leaning,20.00%,15.00%
Big Holy Nina,sativa,70% Leaning,15.00%,12.00%
Big Skunk Korean,hybrid,50%,19.00%,16.00%
Big Sky OG,hybrid,50%,17.00%,16.00%
Big Sur Holy Bud,sativa,70% Leaning,26.00%,24.00%
Big White ,hybrid,50%,20.00%,19.00%
Big Wreck,indica,70% Leaning,27.00%,18.50%
Bio Chem,indica,70% Leaning,25.00%,22.00%
Bio Diesel,hybrid,50%,24.00%,22.00%
Bio Jesus,hybrid,50%,30.00%,25.00%
Birds Eye,hybrid,50%,25.00%,20.00%
Black 84,indica,70% Leaning,25.00%,19.00%
Black Betty,hybrid,50%,26.00%,22.00%
Black Bubba,indica,70% Leaning,24.00%,20.00%
Black Cherry Cheesecake,indica,70% Leaning,24.00%,18.00%
Black Cherry OG,hybrid,50%,18.00%,16.00%
Black Cherry Soda,hybrid,50%,30.00%,19.00%
Black Dahlia,indica,75% Leaning,15.00%,12.00%
Black Diamond,indica,90%,24.00%,19.00%
Black Domina,indica,95%,20.00%,18.00%
Black Haze,sativa,80% Leaning,22.00%,17.00%
Black Ice,indica,90%,24.00%,21.00%
Black Jack,indica,70% Leaning,25.00%,17.00%
Black Lime Special Reserve,indica,70% Leaning,19.00%,19.00%
Black Mamba,indica,70% Leaning,25.00%,19.00%
Black Russian,indica,80% Leaning,26.00%,17.00%
Black Tuna,hybrid,50%,20.00%,18.00%
Black Velvet,hybrid,50%,20.00%,15.00%
Black Widow,sativa,65% Leaning,28.00%,21.00%
Blackberry Bubble,indica,80% Leaning,20.00%,17.00%
Blackberry Cream,indica,70% Leaning,25.00%,25.00%
Blackberry Diesel,sativa,80% Leaning,23.00%,21.00%
Blackberry Haze ,sativa,80% Leaning,24.00%,16.00%
Blackberry Kush,indica,80% Leaning,20.00%,13.00%
Blackberry Pie,hybrid,50%,19.00%,18.00%
Blackberry Trainwreck,hybrid,50%,20.00%,18.00%
Blackberry x Blueberry,indica,70% Leaning,19.00%,16.00%
Blackwater,indica,70% Leaning,20.00%,13.00%
Blaze,sativa,100%,20.00%,20.00%
Blockhead,indica,65% Leaning,23.00%,22.00%
Bloodhound,indica,60% Leaning,24.00%,24.00%
Blowfish,indica,70% Leaning,26.00%,23.00%
Blucifer,sativa,70% Leaning,25.00%,19.00%
Blue Alien,indica,100%,21.00%,21.00%
Blue Bastard,indica,70% Leaning,23.00%,20.00%
Blue Bayou,sativa,100%,22.00%,20.00%
Blue Blood,hybrid,50%,20.00%,18.00%
Blue Boy,sativa,70% Leaning,27.00%,21.00%
Blue Champagne,sativa,70% Leaning,25.00%,20.00%
Blue Cheese,indica,80% Leaning,20.00%,15.00%
Blue Crack,sativa,60% Leaning,21.70%,13.00%
Blue Diamond,indica,60% Leaning,24.00%,20.00%
Blue Diesel,indica,60% Leaning,23.00%,17.00%
Blue Dot,sativa,70% Leaning,20.00%,17.00%
Blue Dragon,indica,60% Leaning,24.00%,15.00%
Blue Dynamite,indica,75% Leaning,18.00%,14.00%
Blue Frost,indica,60% Leaning,22.00%,19.00%
Blue Galaxy,indica,60% Leaning,22.00%,20.00%
Blue Goo,hybrid,50%,22.00%,18.00%
Blue Hash,indica,70% Leaning,19.00%,19.00%
Blue Hawaiian,hybrid,50%,24.00%,14.00%
Blue Haze,indica,80% Leaning,26.00%,16.00%
Blue Heron,indica,60% Leaning,19.00%,19.00%
Blue Jay Way,hybrid,50%,8.00%,3.00%
Blue Kiss,indica,70% Leaning,24.00%,22.00%
Blue Knight,hybrid,50%,27.00%,18.00%
Blue Kush,hybrid,50%,18.00%,13.00%
Blue Lights,indica,70% Leaning,16.00%,14.00%
Blue Magic,hybrid,50%,23.00%,20.00%
Blue Magoo,indica,85% Leaning,21.00%,18.00%
Blue Mango,indica,60% Leaning,18.00%,14.00%
Blue Monster,indica,80% Leaning,23.00%,19.00%
Blue Moon Rocks,indica,70% Leaning,24.00%,24.00%
Blue Moonshine,indica,90%,16.00%,13.00%
Blue Mountain Fire,sativa,70% Leaning,15.00%,13.00%
Blue Mystic,indica,60% Leaning,21.00%,15.00%
Blue Nightmare,hybrid,70% Leaning,19.00%,16.00%
Blue Nina,hybrid,50%,20.00%,20.00%
Blue OG,indica,80% Leaning,19.00%,16.00%
Blue Persuasion,hybrid,50%,26.00%,24.00%
Blue Power,indica,70% Leaning,27.00%,21.00%
Blue Rhino,indica,55%,18.00%,14.00%
Blue Satellite,hybrid,50%,22.00%,19.00%
Blue Sky,indica,70% Leaning,19.00%,16.00%
Blue Thai,hybrid,50%,21.00%,18.00%
Blue Train,hybrid,50%,20.00%,18.00%
Blue Treat,indica,70% Leaning,22.00%,18.00%
Blue Velvet,hybrid,50%,20.00%,19.00%
Blue Venom,indica,70% Leaning,23.00%,18.00%
Blue Widow,indica,55%,17.00%,12.00%
Blue Wreck,hybrid,50%,24.00%,24.00%
Blue Zombie,indica,70% Leaning,21.00%,21.00%
Blueberry,indica,80% Leaning,23.50%,15.80%
Blueberry Blast,indica,70% Leaning,28.00%,15.00%
Blueberry Cheesecake,sativa,75% Leaning,20.00%,10.00%
Blueberry Diesel,indica,60% Leaning,23.00%,18.00%
Blueberry Dream,sativa,80% Leaning,26.00%,22.00%
Blueberry Haze,sativa,60% Leaning,23.00%,16.00%
Blueberry Headband,hybrid,50%,18.00%,14.00%
Blueberry Jack,hybrid,50%,20.00%,16.00%
Blueberry Kush,indica,100%,24.00%,17.00%
Blueberry Pie,hybrid,50%,20.00%,13.50%
Blueberry Skunk,indica,80% Leaning,22.00%,20.00%
Blueberry Yum Yum,sativa,60% Leaning,25.00%,21.00%
Blues,sativa,70% Leaning,16.00%,15.00%
Blurple,hybrid,50%,19.00%,14.00%
Bob Barker,indica,70% Leaning,22.00%,18.00%
BOG Bubble,hybrid,50%,19.00%,17.00%
Bogart,hybrid,50%,16.00%,16.00%
Bonkers,hybrid,50%,18.00%,15.00%
Bordello,indica,75% Leaning,20.00%,15.50%
Boss Hogg,indica,70% Leaning,20.00%,17.00%
Boy Scout Cookies,hybrid,50%,24.00%,22.00%
Boysenberry,hybrid,50%,21.00%,20.00%
Brains Damage,indica,80% Leaning,23.00%,22.00%
Brand X,indica,90%,28.00%,27.00%
Brian Berry Cough,hybrid,50%,20.00%,20.00%
Bruce Banner,sativa,60% Leaning,30.00%,20.00%
BSC,hybrid,50%,23.00%,20.00%
Bubba Kush,indica,80% Leaning,22.50%,14.50%
Bubba OG,indica,80% Leaning,27.00%,22.00%
Bubba's Gift,indica,80% Leaning,20.00%,17.00%
Bubbleberry,sativa,60% Leaning,21.00%,18.00%
Bubblegum,indica,60% Leaning,19.00%,15.50%
Bubblegum Kush,indica,80% Leaning,23.00%,19.00%
Bubblicious,indica,60% Leaning,25.00%,15.00%
Buddha Haze,ERROR,,26.00%,21.00%
Buffalo Bill,sativa,80% Leaning,28.00%,27.00%
Burmese Kush,hybrid,50%,18.00%,13.50%
Butter OG,indica,70% Leaning,24.00%,20.00%
Butterscotch,hybrid,50%,21.00%,18.00%
C13 Haze,sativa,90%,20.00%,17.00%
C3,indica,70% Leaning,23.00%,19.00%
C3PO,indica,60% Leaning,1.00%,1.00%
C4,indica,60% Leaning,22.00%,15.00%
Cabbage Patch,hybrid,50%,27.00%,22.00%
Cactus,sativa,80% Leaning,24.00%,19.00%
Cactus Cooler,sativa,70% Leaning,23.00%,17.00%
Cadillac Purple,hybrid,50%,27.00%,23.00%
Cali Gold,indica,80% Leaning,21.00%,18.00%
Cali Kush,indica,80% Leaning,15.00%,9.50%
California Grapefruit,indica,80% Leaning,15.00%,13.00%
California Orange,hybrid,50%,15.00%,10.00%
California Sour,hybrid,50%,20.00%,18.00%
Cambodian,sativa,100%,26.00%,21.00%
Candy Cane,indica,70% Leaning,20.00%,15.00%
Candy Jack,sativa,60% Leaning,27.00%,20.00%
Candyland,sativa,75% Leaning,19.00%,14.00%
Cannalope Haze,sativa,95%,20.00%,15.00%
Cannalope Kush,sativa,70% Leaning,22.00%,16.50%
Cannasutra,indica,70% Leaning,23.00%,17.00%
Cannatonic,hybrid,50%,6.00%,3.00%
Capers,indica,90%,19.00%,16.00%
Caramelo,sativa,70% Leaning,31.00%,24.00%
Carl Sagan,sativa,60% Leaning,22.00%,17.00%
Carnival,sativa,75% Leaning,23.00%,18.00%
Casey Jones,sativa,80% Leaning,22.00%,15.00%
Cat Piss,sativa,75% Leaning,20.00%,12.00%
Catfish,sativa,100%,20.00%,17.00%
CBD Kush,indica,60% Leaning,8.00%,4.00%
CBD Shark,indica,80% Leaning,10.00%,10.00%
Central American,sativa,100%,23.00%,17.00%
Champagne Kush,hybrid,50%,15.00%,13.50%
Charlie Sheen,sativa,60% Leaning,24.00%,20.00%
Charlotte's Web,hybrid,50%,1.00%,0.50%
Cheese,indica,80% Leaning,20.00%,14.50%
Cheese Candy,sativa,80% Leaning,20.00%,15.00%
Cheesequake,indica,60% Leaning,22.00%,19.00%
Chem Crush,hybrid,50%,22.00%,20.00%
Chem Willie,sativa,70% Leaning,31.00%,23.00%
Chemdawg,hybrid,55%,22.00%,15.00%
Chemdawg 4,indica,60% Leaning,28.00%,17.00%
Chemdawg Sour Diesel,sativa,60% Leaning,26.00%,18.50%
Chernobyl,sativa,80% Leaning,30.00%,22.00%
Cherries Jubilee,indica,70% Leaning,22.00%,18.00%
Cherry AK-47,sativa,70% Leaning,21.00%,16.00%
Cherry Bomb,hybrid,50%,26.00%,21.00%
Cherry Cookies,hybrid,50%,26.00%,20.00%
Cherry Diesel,hybrid,50%,19.00%,17.00%
Cherry Grapefruit,sativa,60% Leaning,20.00%,20.00%
Cherry Kola,indica,70% Leaning,25.00%,22.00%
Cherry Kush,indica,70% Leaning,18.00%,16.00%
Cherry Limeade,hybrid,50%,26.00%,25.00%
Cherry OG,hybrid,50%,23.00%,18.00%
Cherry Pie,indica,60% Leaning,26.00%,20.00%
Cherry Pie Kush,sativa,70% Leaning,21.00%,21.00%
Cherry Sherbet,indica,70% Leaning,23.00%,21.00%
Cherry Skunk,indica,70% Leaning,22.00%,17.00%
Chiesel,sativa,60% Leaning,17.50%,14.00%
Chiquita Banana,hybrid,50%,34.00%,31.00%
Chloe,sativa,60% Leaning,23.00%,20.00%
Chocolate Chunk,indica,100%,22.00%,16.00%
Chocolate Diesel,sativa,100%,18.00%,13.00%
Chocolate Fondue,sativa,80% Leaning,17.00%,17.00%
Chocolate Hashberry,hybrid,50%,25.00%,20.00%
Chocolate Haze,sativa,80% Leaning,17.00%,14.00%
Chocolate Kush,indica,60% Leaning,28.00%,20.00%
Chocolate Thai,sativa,90%,10.00%,8.00%
Chocolate Thunder ,sativa,90%,15.00%,14.00%
Chocolope,sativa,100%,22.00%,17.00%
Chong Star,hybrid,50%,23.00%,20.00%
Chronic,sativa,60% Leaning,20.00%,14.00%
Chronic Thunder,ERROR,,20.00%,20.00%
Church OG,hybrid,50%,19.00%,19.00%
Cinderella 99,sativa,70% Leaning,22.00%,18.00%
Cindy White,hybrid,50%,22.00%,20.00%
Cinex,sativa,60% Leaning,26.00%,22.00%
Citrus Kush,indica,70% Leaning,18.00%,16.00%
Citrus Punch,sativa,70% Leaning,19.00%,16.00%
Citrus Sap,sativa,70% Leaning,24.00%,20.00%
Cit·Rix,sativa,70% Leaning,23.00%,20.00%
Clementine,sativa,70% Leaning,27.00%,24.00%
Clockwork Orange,hybrid,50%,21.00%,16.00%
Cluster Bomb,hybrid,50%,20.00%,18.00%
Cole Train,indica,60% Leaning,19.00%,15.00%
Colombian Gold,sativa,100%,20.00%,16.00%
Colorado Chem,hybrid,50%,22.00%,20.00%
Confidential Wreck,hybrid,50%,22.00%,22.00%
Conspiracy Kush,indica,70% Leaning,25.00%,14.00%
Cookie Dough,hybrid,50%,25.00%,19.00%
Cookie Jar,indica,70% Leaning,24.00%,22.00%
Cookie Monster,indica,80% Leaning,23.00%,17.00%
Cookie Wreck,ERROR,,20.00%,20.00%
Cookies and Cream,hybrid,50%,25.00%,20.00%
Cookies and Dream,sativa,70% Leaning,24.00%,19.00%
Cookies Kush,indica,70% Leaning,18.00%,17.00%
Copper Kush,hybrid,50%,21.00%,20.00%
Cornbread,indica,80% Leaning,20.00%,17.00%
Cotton Candy Kush,indica,70% Leaning,20.00%,17.00%
Cotton Purple Chem,hybrid,50%,20.00%,20.00%
Cracker Jack,hybrid,50%,20.00%,20.00%
Crazy Miss Hyde,indica,70% Leaning,21.00%,21.00%
Crimea Blue,indica,70% Leaning,18.00%,13.00%
Critical 47,hybrid,50%,18.00%,16.00%
Critical Cheese,hybrid,50%,19.00%,19.00%
Critical Haze,hybrid,50%,21.00%,21.00%
Critical Hog,hybrid,50%,19.00%,19.00%
Critical Jack,sativa,55%,20.00%,16.50%
Critical Kali Mist,sativa,80% Leaning,22.00%,22.00%
Critical Kush,indica,100%,29.00%,20.00%
Critical Mass,indica,80% Leaning,22.00%,19.00%
Critical Plus,hybrid,50%,20.00%,15.00%
Critical Skunk,sativa,60% Leaning,24.00%,20.00%
Critical Widow,sativa,60% Leaning,27.00%,25.00%
Crosswalker,indica,70% Leaning,22.00%,20.00%
Crown OG,indica,100%,28.00%,25.00%
Crown Royale,indica,70% Leaning,22.00%,15.00%
Crypt,hybrid,50%,18.00%,15.00%
Crystal Coma,sativa,70% Leaning,30.00%,23.00%
Custard Cream,indica,70% Leaning,20.00%,18.00%
Cyclops,indica,80% Leaning,20.00%,15.00%
Dairy Queen,hybrid,50%,28.00%,19.00%
Damn Sour,sativa,80% Leaning,22.00%,19.00%
Dance World,indica,75% Leaning,14.00%,13.00%
Dark Side of the Moon,indica,70% Leaning,22.00%,19.00%
DarkStar,indica,100%,16.00%,13.00%
Deadhead OG,sativa,60% Leaning,25.00%,20.00%
Deadwood,hybrid,50%,17.00%,15.00%
Death Bubba,indica,70% Leaning,27.00%,26.00%
Death Star,indica,80% Leaning,26.00%,18.00%
Deep Cheese,indica,80% Leaning,,
Deep Chunk,indica,100%,20.00%,16.00%
Deep Purple,indica,80% Leaning,19.00%,16.00%
Deep Sleep,indica,70% Leaning,20.00%,16.00%
Delahaze,sativa,70% Leaning,18.00%,16.00%
Denver Maple,indica,100%,23.00%,19.00%
Desert Star,hybrid,50%,15.00%,13.00%
Destroyer,sativa,85% Leaning,23.00%,16.00%
Devil Fruit,indica,70% Leaning,30.00%,21.00%
Diablo OG,sativa,60% Leaning,20.00%,15.00%
Diamond OG,indica,75% Leaning,22.00%,17.00%
Diamond Socks,hybrid,50%,24.00%,19.00%
Diesel Duff,sativa,90%,17.00%,14.00%
Dirty Girl,sativa,70% Leaning,28.00%,17.00%
Disney Blue,hybrid,50%,24.00%,21.00%
Dizzy OG,hybrid,50%,22.00%,19.00%
DJ Smoke,sativa,75% Leaning,18.00%,18.00%
Django,hybrid,50%,17.00%,19.00%
Do Si Do,hybrid,50%,30.00%,24.00%
Doctor Doctor ,sativa,100%,3.00%,2.00%
Doctor Jamaica,hybrid,50%,20.00%,18.00%
Dog Shit,sativa,60% Leaning,26.00%,19.00%
Dominator,sativa,70% Leaning,16.00%,12.00%
Domino,indica,60% Leaning,15.00%,14.00%
Don Carlos,indica,60% Leaning,28.00%,26.00%
Donkey Butter,indica,70% Leaning,27.00%,21.00%
Donna OG,hybrid,50%,18.00%,15.00%
Double Barrel OG,hybrid,50%,20.00%,20.00%
Double D,sativa,60% Leaning,21.00%,17.00%
Double Diesel ,sativa,70% Leaning,22.00%,22.00%
Double Dream,sativa,85% Leaning,26.00%,20.00%
Double Dutch,sativa,60% Leaning,18.00%,18.00%
Double Mint,indica,80% Leaning,20.00%,17.00%
Double OG,indica,80% Leaning,26.00%,20.00%
Double Tap,indica,70% Leaning,24.00%,21.00%
Dr. Bubbles,indica,70% Leaning,12.00%,10.00%
Dr. Feelgood,hybrid,50%,20.00%,16.00%
Dr. Funk,indica,80% Leaning,22.00%,18.00%
Dr. Quantum,indica,75% Leaning,27.00%,22.00%
Dr. Who,hybrid,50%,30.00%,20.00%
Dragon OG ,sativa,70% Leaning,28.00%,22.00%
Dreadlock,hybrid,50%,22.00%,20.00%
Dream Beaver,sativa,70% Leaning,26.00%,22.00%
Dream Berry,indica,80% Leaning,20.00%,16.00%
Dream Girl,hybrid,50%,22.00%,21.00%
Dream Lotus,hybrid,50%,21.00%,10.00%
Dream Machine,indica,60% Leaning,19.00%,18.00%
Dream Police,hybrid,50%,18.00%,16.00%
Dream Queen,sativa,80% Leaning,19.00%,15.00%
Dream Star,indica,60% Leaning,25.00%,20.00%
Dreamcatcher,indica,60% Leaning,26.00%,24.00%
Dreamer's Glass,sativa,50%,22.00%,19.00%
Duke Nukem,sativa,65% Leaning,20.00%,15.00%
Durban Cheese,hybrid,50%,21.00%,18.00%
Durban Poison,sativa,100%,25.50%,16.30%
Dutch Berry,sativa,60% Leaning,27.00%,19.00%
Dutch Dragon,sativa,75% Leaning,20.00%,16.00%
Dutch Hawaiian,sativa,70% Leaning,28.30%,15.00%
Dutch Haze,sativa,90%,27.00%,24.00%
Dutch Kush,indica,80% Leaning,25.00%,25.00%
Dutch Queen,sativa,70% Leaning,18.00%,15.00%
Dutch Treat,indica,80% Leaning,30.00%,16.00%
Dynamite,indica,75% Leaning,19.00%,13.00%
Eagle Bill,sativa,70% Leaning,20.00%,19.00%
Early Girl,indica,75% Leaning,20.00%,15.00%
Early Miss,indica,60% Leaning,21.00%,19.00%
Early Pearl,sativa,75% Leaning,24.00%,18.00%
Early Skunk,indica,65% Leaning,22.00%,18.00%
Earth OG,indica,80% Leaning,22.00%,19.00%
Earthquake,hybrid,50%,23.00%,19.00%
East Coast Alien,sativa,70% Leaning,20.00%,18.00%
Eastern European,hybrid,50%,,
Easy Bud,sativa,20%,17.00%,14.00%
Easy Peezy,hybrid,50%,18.00%,16.00%
Ebola #7,indica,75% Leaning,28.00%,27.00%
Ed Rosenthal Super Bud,indica,60% Leaning,19.00%,14.50%
Edelweiss,indica,75% Leaning,21.00%,21.00%
El Jefe,indica,70% Leaning,25.00%,22.00%
El Nino,indica,65% Leaning,15.00%,13.00%
El Perro,hybrid,50%,20.00%,20.00%
El-Na,indica,70% Leaning,10.00%,9.00%
Elderberry,indica,55%,20.00%,18.00%
Eldorado,sativa,100%,20.00%,17.00%
Electric Black Mamba,indica,70% Leaning,24.00%,18.00%
Electric Kool-Aid,sativa,60% Leaning,20.00%,20.00%
Electric Lemon G,sativa,80% Leaning,21.00%,18.00%
Electric Lemonade,sativa,70% Leaning,21.00%,16.00%
Elmer's Glue,indica,60% Leaning,24.00%,18.00%
Elvis,sativa,75% Leaning,22.00%,16.00%
Emerald Jack,sativa,70% Leaning,20.00%,15.00%
Emerald OG,indica,70% Leaning,22.00%,19.00%
Endless Sky,indica,80% Leaning,22.00%,22.00%
Enemy of the State,indica,80% Leaning,14.00%,10.00%
Enigma,sativa,70% Leaning,24.00%,18.00%
Ether,indica,70% Leaning,21.00%,18.00%
Ethiopian,sativa,100%,15.00%,10.00%
Euforia ,sativa,80% Leaning,23.00%,19.00%
Eugene Cream,indica,80% Leaning,16.00%,15.00%
Euphoria,indica,80% Leaning,6.00%,5.00%
Ewok,indica,60% Leaning,19.00%,14.00%
Exile,indica,70% Leaning,18.00%,14.00%
Exodus Cheese,hybrid,50%,18.00%,14.00%
Extreme OG,indica,70% Leaning,30.00%,28.00%
F.O.G.,sativa,80% Leaning,21.00%,13.00%
Face Off OG,hybrid,50%,20.00%,20.00%
Fallen Angel,indica,85% Leaning,18.00%,14.00%
Fat Albert,indica,70% Leaning,22.00%,18.00%
Fat Nelson,sativa,70% Leaning,22.00%,22.00%
Fifth Element,indica,70% Leaning,22.00%,18.00%
Fire Alien Kush,hybrid,50%,20.00%,20.00%
Fire Haze,sativa,70% Leaning,20.00%,20.00%
Fire OG Kush,indica,70% Leaning,20.00%,15.00%
Flash Back,sativa,70% Leaning,18.00%,14.00%
Flo,sativa,60% Leaning,14.00%,12.00%
Flo Walker,indica,60% Leaning,18.00%,15.00%
Flowerbomb Kush,sativa,70% Leaning,19.00%,14.00%
Flying Dragon,hybrid,50%,18.00%,10.00%
Forbidden Fruit,indica,70% Leaning,26.00%,25.00%
Fortune Cookies,sativa,70% Leaning,24.00%,20.00%
Four Cups,indica,70% Leaning,,
Four Star General,indica,70% Leaning,30.00%,22.00%
Fraggle Rock,hybrid,50%,21.00%,17.00%
Frank's Gift,sativa,80% Leaning,9.00%,6.00%
Frankenstein,indica,80% Leaning,29.00%,19.00%
Frida,indica,100%,1.00%,1.00%
Frostbite,sativa,85% Leaning,21.00%,21.00%
Frosty,indica,65% Leaning,22.00%,20.00%
Fruit Loops,indica,55%,19.00%,18.00%
Fruit Punch,sativa,80% Leaning,25.00%,20.00%
Fruit Spirit,sativa,60% Leaning,20.00%,19.00%
Fruity Chronic Juice,indica,90%,20.00%,17.00%
Fruity Pebbles,indica,55%,22.10%,12.00%
Fucking Incredible,indica,100%,18.00%,15.00%
Full Moon,sativa,100%,24.00%,20.00%
Future ,hybrid,50%,24.00%,24.00%
G Force,indica,80% Leaning,26.00%,20.00%
G-13,indica,70% Leaning,27.00%,16.00%
G.O.A.T.,sativa,70% Leaning,19.00%,15.00%
G13 Haze,indica,70% Leaning,24.00%,22.00%
Galactic Jack,sativa,70% Leaning,26.00%,16.00%
Game Changer,indica,60% Leaning,29.00%,20.00%
Garlic Bud,indica,100%,20.00%,19.00%
Gas,indica,100%,21.00%,19.00%
Gelato,hybrid,50%,25.00%,20.00%
Gemstone,hybrid,50%,21.00%,20.00%
Georgia Pine,hybrid,50%,20.00%,19.00%
Ghost Bubba,indica,80% Leaning,23.00%,19.00%
Ghost OG,indica,75% Leaning,20.00%,15.00%
Ghost Ship,indica,70% Leaning,20.00%,18.00%
Ghost Train Haze,sativa,75% Leaning,25.00%,18.00%
GI001,sativa,70% Leaning,1.00%,0.90%
Gigabud,indica,60% Leaning,19.00%,15.00%
Glad Max,hybrid,50%,21.00%,17.00%
Glass Slipper,sativa,70% Leaning,25.00%,20.50%
Glue Tech,indica,70% Leaning,24.00%,21.00%
Go Time,sativa,70% Leaning,32.00%,26.00%
Gobbstopper,hybrid,50%,21.00%,17.00%
God Bud,indica,60% Leaning,27.00%,18.50%
God's Bubba,indica,70% Leaning,25.00%,19.00%
God's Gift,indica,90%,24.60%,18.00%
God's Green Crack,hybrid,50%,25.00%,20.00%
God's Treat,indica,75% Leaning,22.00%,19.00%
Godfather OG,indica,60% Leaning,28.00%,25.00%
Godzilla,indica,60% Leaning,18.00%,15.00%
Goji OG,hybrid,50%,22.00%,20.00%
Golden Goat,sativa,65% Leaning,23.30%,16.00%
Golden Panda,sativa,70% Leaning,30.00%,22.00%
Golden Pineapple,hybrid,50%,29.00%,25.00%
Golden Ticket,hybrid,50%,26.00%,17.00%
Golden Tiger,sativa,90%,24.00%,18.00%
Goo,indica,80% Leaning,24.00%,19.00%
Gooberry,hybrid,50%,20.00%,18.00%
Good Medicine,sativa,70% Leaning,8.00%,7.00%
Gorilla Glue,hybrid,50%,28.00%,25.00%
Gorilla Glue #12,sativa,70% Leaning,30.00%,24.00%
Gorilla Glue #5,indica,70% Leaning,28.00%,26.00%
Grand Daddy Purple,indica,75% Leaning,23.00%,17.00%
Grand Hindu,indica,90%,30.00%,27.00%
Grand Hustle,hybrid,50%,23.00%,19.00%
Grand Poobah,indica,75% Leaning,22.00%,19.00%
Grandpa Larry OG,indica,100%,19.00%,18.00%
Grape Ape,indica,100%,25.00%,16.00%
Grape Cookies,indica,70% Leaning,24.00%,19.00%
Grape Crush,indica,50%,19.00%,15.00%
Grape God,indica,60% Leaning,25.00%,15.00%
Grape Kush,sativa,60% Leaning,30.00%,20.00%
Grape Royale,indica,80% Leaning,28.00%,18.00%
Grape Skunk,indica,85% Leaning,24.00%,24.00%
Grape Stomper,sativa,60% Leaning,22.00%,16.00%
Grapefruit,sativa,70% Leaning,20.00%,15.00%
Grapefruit Haze,hybrid,50%,25.00%,20.00%
Gravity,hybrid,50%,20.00%,20.00%
Grease Monkey,hybrid,50%,30.00%,26.00%
Great White Shark,indica,75% Leaning,24.00%,14.00%
Green Avenger,hybrid,50%,22.00%,20.00%
Green Candy,hybrid,50%,24.00%,19.00%
Green Crack,sativa,65% Leaning,24.00%,16.80%
Green Crack Extreme,sativa,65% Leaning,24.00%,22.00%
Green Dragon,indica,100%,16.00%,14.00%
Green Dream,hybrid,50%,24.00%,19.00%
Green Goblin,sativa,65% Leaning,24.00%,20.00%
Green Goddess,indica,70% Leaning,20.00%,16.00%
Green Haze,sativa,100%,28.00%,26.00%
Green Hornet,hybrid,50%,20.00%,20.00%
Green Lantern,sativa,85% Leaning,28.00%,22.00%
Green Love Potion,indica,80% Leaning,24.00%,17.00%
Green Monster,hybrid,50%,27.00%,18.00%
Green Poison,indica,70% Leaning,20.00%,17.00%
Green Python,indica,85% Leaning,22.00%,21.00%
Green Queen,indica,60% Leaning,18.00%,14.00%
Green Ribbon,hybrid,50%,28.00%,20.00%
Grilled Cheese,indica,60% Leaning,20.00%,19.00%
Gucci OG,hybrid,50%,30.00%,20.00%
Haole,indica,70% Leaning,17.00%,14.00%
Happy Kush,indica,80% Leaning,19.00%,14.00%
Happy Nightmare,indica,60% Leaning,19.00%,13.00%
Harambe's Ghost,hybrid,50%,30.00%,29.00%
Hardcore OG,indica,80% Leaning,28.00%,26.00%
Harlequin,sativa,75% Leaning,10.00%,5.00%
Harmony,hybrid,50%,16.00%,14.00%
Harry Potter,hybrid,50%,17.00%,15.00%
Hash Plant,indica,80% Leaning,13.00%,10.00%
Hashberry,indica,80% Leaning,18.00%,15.00%
Hawaii 78,sativa,100%,12.00%,11.00%
Hawaiian,sativa,90%,25.00%,15.00%
Hawaiian Cookies,hybrid,50%,21.00%,19.00%
Hawaiian Delight,hybrid,50%,20.00%,20.00%
Hawaiian Diesel,sativa,100%,22.00%,22.00%
Hawaiian Haze,sativa,90%,26.00%,30.00%
Hawaiian Punch,sativa,100%,25.00%,20.00%
Hawaiian Skunk,indica,65% Leaning,17.00%,14.00%
Hawaiian Snow,sativa,100%,24.00%,18.50%
Haze,sativa,80% Leaning,27.00%,18.00%
Haze Berry,sativa,80% Leaning,22.00%,21.00%
Haze Heaven,indica,60% Leaning,22.00%,20.00%
Head Cheese,hybrid,55%,30.00%,13.00%
Head Trip,indica,80% Leaning,19.00%,18.00%
Headband,indica,55%,27.00%,20.50%
Headbanger,sativa,70% Leaning,28.00%,25.00%
Heaven Scent,hybrid,50%,22.00%,20.00%
Hell's Angel OG,indica,80% Leaning,20.00%,20.00%
Hemlock,hybrid,50%,22.00%,20.00%
Hercules,sativa,60% Leaning,21.00%,20.00%
Herijuana,indica,80% Leaning,32.20%,18.00%
Herojuana,indica,70% Leaning,29.00%,18.00%
Higher Power,sativa,100%,24.00%,22.00%
Himalayan Gold,indica,60% Leaning,25.00%,25.00%
Hindu Kush,indica,100%,20.00%,14.00%
Hindu Skunk,indica,70% Leaning,23.00%,18.00%
Hippie Chicken,sativa,80% Leaning,23.00%,19.00%
Hippie Crippler,hybrid,50%,27.00%,19.00%
Hobbit,hybrid,50%,15.00%,15.00%
Hog,indica,100%,23.00%,20.00%
Hogs Breath,indica,85% Leaning,13.00%,11.00%
Hollands Hope,indica,90%,18.00%,11.00%
Hollywood OG,hybrid,50%,20.00%,18.00%
Holy Ghost,hybrid,50%,28.00%,21.00%
Holy Grail Kush,indica,60% Leaning,24.00%,16.00%
Honey Bananas,hybrid,50%,22.00%,18.00%
Honey Boo Boo,indica,80% Leaning,21.00%,17.00%
Hong Kong,hybrid,50%,25.00%,22.00%
Huckleberry,hybrid,50%,26.00%,13.00%
Humboldt ,hybrid,50%,25.00%,20.00%
Hurricane,sativa,70% Leaning,18.00%,12.00%
Ice,hybrid,50%,20.00%,15.00%
Ice Cream,indica,60% Leaning,22.00%,16.00%
Ice Princess,indica,55%,20.00%,19.00%
Ice Queen,sativa,90%,23.00%,18.00%
Ice Wreck,hybrid,50%,28.00%,24.00%
ICED Grapefruit,sativa,60% Leaning,24.00%,22.00%
In The Pines,sativa,80% Leaning,7.00%,6.00%
Incredible Bulk,indica,80% Leaning,24.00%,20.00%
Incredible Hulk,sativa,80% Leaning,24.00%,19.00%
Industrial Plant,hybrid,50%,23.00%,18.00%
Inferno Haze,hybrid,50%,23.00%,17.00%
Ingrid,indica,75% Leaning,25.00%,22.00%
iPot,sativa,75% Leaning,22.00%,16.00%
Irene Kush,sativa,60% Leaning,22.00%,22.00%
Irish Cream,indica,100%,20.00%,16.00%
Irish Kush,indica,85% Leaning,22.00%,19.00%
Iron Triangle,hybrid,50%,28.00%,25.00%
Isla OG,hybrid,50%,27.00%,22.00%
Island Sweet Skunk,sativa,80% Leaning,19.00%,14.50%
J-27,sativa,100%,22.00%,18.00%
J1,sativa,60% Leaning,23.00%,18.00%
Jack 47,sativa,75% Leaning,24.00%,22.00%
Jack Diesel,sativa,70% Leaning,23.00%,19.00%
Jack Flash,indica,60% Leaning,20.00%,14.50%
Jack Frost,sativa,65% Leaning,20.60%,16.50%
Jack Haze,hybrid,50%,22.00%,16.00%
Jack Herer,sativa,55%,24.00%,17.00%
Jack Kush,sativa,70% Leaning,19.00%,19.00%
Jack Skellington,sativa,70% Leaning,17.00%,15.00%
Jack the Ripper,sativa,70% Leaning,17.00%,13.00%
Jack Widow,indica,80% Leaning,20.00%,19.00%
Jack's Cleaner,sativa,80% Leaning,17.00%,10.00%
Jack's Girl,hybrid,50%,53.50%,53.50%
Jacky White ,sativa,75% Leaning,18.00%,16.00%
Jager,indica,80% Leaning,23.00%,20.00%
Jamaican,sativa,80% Leaning,21.00%,13.00%
Jamaican Dream,sativa,90%,21.00%,18.00%
Jamaican Lion,hybrid,50%,18.00%,9.00%
Jamaican Pearl,sativa,60% Leaning,22.00%,15.00%
Jane Doe,hybrid,50%,24.00%,24.00%
Jazz,sativa,70% Leaning,25.00%,25.00%
Jean Guy,sativa,90%,25.00%,19.00%
Jedi Kush,indica,100%,30.00%,24.00%
Jelly Roll,indica,70% Leaning,,
Jenni,sativa,100%,11.00%,8.00%
Jesus OG,hybrid,50%,28.00%,20.00%
Jet Fuel,sativa,60% Leaning,20.00%,15.50%
Jillybean,sativa,60% Leaning,18.00%,13.00%
Jimi Hendrix,hybrid,50%,17.00%,16.00%
Jock Horror,sativa,60% Leaning,24.00%,18.00%
Johnny Blaze,indica,60% Leaning,19.00%,15.00%
Jolly Rancher,hybrid,50%,20.00%,16.00%
Jorge's Diamonds #1,indica,80% Leaning,18.00%,16.00%
Juicy Fruit,sativa,55%,20.00%,16.00%
Juicy Jack,hybrid,75% Leaning,25.00%,25.00%
Juliet,sativa,80% Leaning,20.00%,18.00%
Julius Caesar ,hybrid,50%,20.00%,20.00%
K-Train,hybrid,50%,22.00%,22.00%
K1,sativa,70% Leaning,16.00%,15.00%
K2,indica,60% Leaning,29.00%,22.00%
Kaboom,sativa,85% Leaning,16.00%,12.00%
Kahuna,hybrid,50%,22.00%,22.00%
Kali 47,sativa,70% Leaning,30.00%,19.00%
Kali Dog,sativa,60% Leaning,26.00%,23.00%
Kali Mist,sativa,90%,15.00%,11.00%
Kandy Kush,indica,60% Leaning,20.00%,14.50%
Karamelo,indica,100%,20.00%,18.00%
KC 33,indica,60% Leaning,22.00%,18.00%
KC 36,indica,24%,24.00%,20.00%
Keester Kush,indica,60% Leaning,21.00%,18.00%
Kelly Hill Gold,indica,70% Leaning,25.00%,22.00%
Key Lime Pie,hybrid,50%,25.00%,20.00%
Khalifa Kush,indica,80% Leaning,29.00%,26.00%
Khufu,indica,80% Leaning,27.00%,21.00%
Kid N Kookies,indica,70% Leaning,22.00%,20.00%
Kilimanjaro,sativa,70% Leaning,18.00%,14.00%
Kill Bill,hybrid,50%,30.00%,20.00%
Killer Queen,hybrid,50%,21.00%,17.00%
Killing Fields,sativa,80% Leaning,22.00%,13.50%
Kimbo Kush,indica,70% Leaning,27.00%,15.50%
King Cake,hybrid,50%,23.00%,20.00%
King Kong,indica,80% Leaning,21.00%,18.00%
King Kush,indica,70% Leaning,20.00%,18.00%
King Louis XIII,indica,70% Leaning,28.00%,20.00%
King's Bread,sativa,100%,21.00%,21.00%
Kings Kush,indica,70% Leaning,20.00%,14.00%
Kolossus,hybrid,50%,22.00%,16.00%
Kona Gold,sativa,100%,15.00%,11.00%
Kong,hybrid,50%,20.00%,16.00%
Kosher Kush,indica,80% Leaning,20.00%,15.00%
Kriss Kross,hybrid,50%,21.00%,17.00%
Kryptonite,indica,85% Leaning,27.00%,17.00%
Krystalica,sativa,60% Leaning,20.00%,16.00%
La Blanca,indica,75% Leaning,15.00%,10.00%
LA Chocolat,indica,60% Leaning,29.00%,27.00%
LA Confidential,indica,95%,25.50%,19.00%
LA Jack,sativa,75% Leaning,24.00%,19.00%
LA Kush,indica,90%,21.00%,20.00%
La Nina,sativa,75% Leaning,23.00%,20.00%
LA OG,hybrid,50%,24.00%,18.00%
LA Sunshine,hybrid,50%,27.00%,24.00%
LA Ultra,indica,80% Leaning,30.00%,24.00%
LA Woman,hybrid,50%,28.00%,19.00%
Lady Liberty ,hybrid,50%,23.00%,21.00%
Lake of Fire,hybrid,50%,20.00%,18.00%
Lamb's Bread,sativa,95%,17.20%,14.00%
LAPD,hybrid,50%,26.00%,25.00%
Larry OG,indica,60% Leaning,24.30%,21.00%
Las Vegas Purple Kush,indica,60% Leaning,23.00%,20.00%
Laughing Buddha,sativa,100%,20.00%,18.00%
Lavender,indica,80% Leaning,20.00%,14.00%
Lavender Haze,indica,60% Leaning,20.00%,14.00%
Lavender Kush,indica,60% Leaning,18.00%,13.00%
Legalized OG,indica,70% Leaning,24.00%,21.00%
Legendary Lemon,sativa,70% Leaning,22.00%,19.00%
Lemon Bananas,hybrid,50%,27.00%,24.00%
Lemon Bubble,sativa,80% Leaning,23.00%,20.00%
Lemon Cake,sativa,80% Leaning,25.00%,17.00%
Lemon Daddy,sativa,80% Leaning,24.00%,20.00%
Lemon Diesel,indica,70% Leaning,18.00%,13.00%
Lemon Drop,sativa,60% Leaning,23.00%,18.00%
Lemon Fire,hybrid,50%,24.00%,19.00%
Lemon G,sativa,70% Leaning,23.00%,19.00%
Lemon Jack,sativa,70% Leaning,18.00%,13.00%
Lemon Kush,hybrid,50%,26.00%,15.00%
Lemon Marmalade,hybrid,50%,27.00%,25.00%
Lemon OG,indica,60% Leaning,24.00%,17.00%
Lemon Pie,sativa,70% Leaning,22.00%,16.00%
Lemon Sativa,sativa,100%,25.00%,23.00%
Lemon Skunk,sativa,60% Leaning,22.00%,14.50%
Lemon Thai,hybrid,50%,22.00%,20.00%
Lemon Wreck,sativa,60% Leaning,20.00%,15.00%
Lethal Purple,indica,80% Leaning,25.00%,21.00%
Liberty Haze,hybrid,50%,29.00%,21.00%
Lifesaver,hybrid,50%,21.00%,16.00%
Light of Jah,sativa,75% Leaning,26.00%,24.00%
Lightstorm,indica,100%,16.00%,12.00%
Lime Green Skunk,hybrid,50%,17.00%,16.00%
Lime Purple Mist,indica,80% Leaning,28.00%,26.00%
Limon,sativa,70% Leaning,24.00%,19.00%
Lions Gate,indica,100%,16.00%,14.00%
Liquid Butter,indica,100%,20.00%,19.00%
Little Angel,hybrid,50%,15.00%,12.00%
Little Devil,indica,70% Leaning,60.00%,60.00%
Little Dragon,sativa,70% Leaning,28.00%,26.00%
Locktite,indica,70% Leaning,23.00%,23.00%
Locomotion,indica,70% Leaning,23.00%,19.00%
Lodi Dodi,sativa,70% Leaning,28.00%,20.00%
Logic Diesel,hybrid,50%,25.00%,25.00%
Lost Coast OG,indica,60% Leaning,15.00%,10.00%
Loud,hybrid,50%,28.00%,15.00%
Loud Dream,indica,60% Leaning,16.00%,15.00%
Loud Scout ,indica,75% Leaning,23.00%,22.00%
Love Potion #1,sativa,70% Leaning,18.00%,13.00%
Lowryder,sativa,60% Leaning,14.00%,6.00%
LSD,indica,55%,24.00%,16.00%
Lucid Blue,sativa,80% Leaning,28.00%,24.00%
Lucid Dream,sativa,80% Leaning,28.00%,22.00%
Lucy ,hybrid,50%,20.00%,17.00%
M-39,hybrid,50%,14.00%,9.00%
Mace Windu,indica,75% Leaning,16.00%,13.00%
Mad Scientist,indica,75% Leaning,24.00%,15.00%
Madagascar,indica,100%,,
Madness,hybrid,50%,18.00%,14.00%
Magic Jordan,indica,70% Leaning,25.00%,24.00%
Magnum,hybrid,50%,15.00%,12.00%
Mai Tai Cookies,sativa,70% Leaning,14.00%,10.00%
Majestic 12,hybrid,50%,,
Mako Haze,sativa,75% Leaning,21.00%,16.00%
Malawi,sativa,100%,24.00%,19.00%
Mammoth,hybrid,50%,21.00%,17.00%
Mandala #1,hybrid,50%,21.00%,18.00%
Mango,hybrid,50%,24.00%,20.00%
Mango Dream,hybrid,50%,23.00%,18.00%
Mango Haze,hybrid,50%,19.00%,16.00%
Mango Kush,indica,65% Leaning,20.80%,11.00%
Mango Tango,indica,70% Leaning,26.00%,24.00%
Manitoba Poison,hybrid,50%,16.00%,15.00%
Maple Leaf Indica,indica,100%,18.00%,15.00%
Mars OG,indica,80% Leaning,20.00%,15.50%
Martian Candy,indica,70% Leaning,21.00%,19.00%
Master Bubba,hybrid,50%,8.00%,7.00%
Master Jedi,hybrid,50%,25.00%,20.00%
Master Kush,indica,80% Leaning,20.00%,16.00%
Master Skunk,hybrid,50%,19.00%,18.00%
Master Yoda,hybrid,50%,28.00%,20.00%
Mau-Mau,indica,70% Leaning,18.00%,15.00%
Maui,sativa,100%,26.00%,20.00%
Maui Berry,indica,60% Leaning,16.00%,16.00%
Maui Bubble Gift,indica,60% Leaning,9.00%,5.00%
Maui Waui,sativa,85% Leaning,19.00%,13.00%
Mazar,indica,80% Leaning,20.00%,14.50%
Mazar Kush,indica,80% Leaning,20.00%,18.00%
Medicine Man,indica,80% Leaning,23.00%,17.00%
Medicine Woman ,sativa,60% Leaning,23.90%,23.00%
Medusa,hybrid,50%,20.00%,18.00%
Mega Jackpot,sativa,60% Leaning,25.00%,23.00%
Mega Wellness OG ,hybrid,50%,33.00%,26.00%
Megalodon,sativa,60% Leaning,23.00%,21.00%
Melon Gum,indica,70% Leaning,23.00%,19.00%
Memory Loss ,sativa,90%,28.00%,23.00%
Mendo Breath,indica,70% Leaning,20.00%,19.00%
Mendocino Purps,indica,60% Leaning,20.00%,13.50%
Mercury OG,indica,100%,24.00%,18.00%
Mexican,sativa,100%,16.00%,14.00%
Michigan Skunk,indica,80% Leaning,17.00%,14.00%
Middlefork,sativa,55%,26.00%,16.00%
Midnight,sativa,60% Leaning,13.00%,11.00%
MILF,sativa,80% Leaning,20.00%,20.00%
Milky Way,sativa,80% Leaning,22.00%,19.00%
Millennium,indica,75% Leaning,20.00%,14.00%
Mimosa,sativa,70% Leaning,27.00%,23.00%
Misty Morning,indica,70% Leaning,10.00%,10.00%
MK Ultra,indica,60% Leaning,21.80%,18.00%
Mob Boss,hybrid,50%,21.00%,14.50%
Moby Dick,sativa,75% Leaning,21.00%,15.00%
Molokai Frost,sativa,70% Leaning,70.00%,26.00%
Money Maker,indica,70% Leaning,23.00%,20.00%
Monkey Paw,indica,80% Leaning,23.00%,18.00%
Monster OG,indica,75% Leaning,26.00%,21.00%
Moonshine Haze,sativa,80% Leaning,25.00%,22.00%
Moonwalker Kush,hybrid,50%,28.00%,24.00%
Morning Star,ERROR,,24.00%,19.00%
Motavation,indica,80% Leaning,18.00%,13.00%
Mother of Berries,indica,90%,24.00%,20.00%
Mother Tongue,sativa,70% Leaning,18.00%,16.00%
Mother's Finest,sativa,70% Leaning,19.00%,18.00%
Mother's Helper,hybrid,50%,25.00%,21.00%
Mother’s Milk,sativa,70% Leaning,16.00%,14.00%
Mountain Girl,hybrid,50%,20.00%,18.00%
Mr Tusk,indica,80% Leaning,22.00%,22.00%
Mr. Nice,indica,80% Leaning,20.00%,14.00%
Ms Universe,hybrid,50%,24.00%,18.00%
Mt Cook,indica,80% Leaning,23.00%,19.00%
Mt Hood Magic,indica,70% Leaning,19.00%,17.00%
Mt Rainier,hybrid,50%,23.00%,19.00%
Narnia,sativa,70% Leaning,25.00%,22.00%
Nebula,indica,60% Leaning,18.00%,14.00%
Negra 44,indica,80% Leaning,11.00%,11.00%
Nepalese,sativa,100%,17.00%,17.00%
Nepalese Dragon,hybrid,50%,17.00%,13.00%
Nepalese Jam,sativa,60% Leaning,18.00%,16.00%
Nepali OG,indica,85% Leaning,21.00%,16.00%
Neptune OG,hybrid,50%,23.00%,19.00%
Nerds,hybrid,50%,17.00%,14.00%
Neville's Haze,sativa,75% Leaning,21.00%,17.00%
Nexus OG,indica,80% Leaning,19.00%,18.00%
Nicole Kush,indica,75% Leaning,25.00%,23.00%
Night Nurse,indica,80% Leaning,21.00%,15.50%
Night Terror OG,indica,70% Leaning,21.00%,20.00%
Night Train,hybrid,50%,23.00%,18.00%
Nirvana Special,sativa,70% Leaning,20.00%,17.00%
North American,indica,100%,19.00%,18.00%
North American Sativa,sativa,100%,11.00%,10.00%
North Indian,indica,100%,,
Northern Lights,indica,95%,33.00%,21.00%
Northern Skunk,indica,80% Leaning,14.00%,14.00%
Northern Wreck,indica,70% Leaning,29.00%,29.00%
Nova,indica,80% Leaning,23.00%,20.00%
Nurse Jackie,sativa,85% Leaning,24.00%,20.00%
NY Cheese,sativa,70% Leaning,15.00%,15.00%
NYC Diesel,sativa,60% Leaning,21.50%,15.00%
NYPD,sativa,70% Leaning,24.00%,19.00%
Oaxacan Highland,sativa,100%,23.00%,19.00%
Obama Kush,indica,65% Leaning,21.00%,16.00%
Obsession,indica,60% Leaning,19.00%,15.00%
OCD,sativa,50%,,
Odyssey,hybrid,50%,22.00%,19.00%
OG 18,indica,70% Leaning,20.00%,18.00%
OG Cheese,indica,80% Leaning,18.00%,15.00%
OG Chem,sativa,70% Leaning,20.00%,20.00%
OG Diesel Kush,hybrid,50%,20.00%,19.00%
OG Poison,indica,70% Leaning,22.00%,20.00%
OG Shark,hybrid,50%,25.00%,21.00%
OG Skunk,sativa,60% Leaning,26.00%,21.00%
OGiesel,hybrid,50%,18.90%,14.40%
OGKB,indica,70% Leaning,25.00%,19.00%
Ogre Kush,indica,80% Leaning,26.90%,18.00%
Old Mother Sativa,sativa,100%,17.00%,16.00%
Old School OG,indica,100%,20.00%,20.00%
Old Toby,indica,70% Leaning,18.00%,16.00%
Omega,hybrid,100%,26.00%,20.00%
Omega Dawg,hybrid,50%,25.00%,25.00%
One To One,hybrid,50%,14.00%,12.00%
Opium,hybrid,50%,21.00%,19.00%
Optimus Prime,indica,75% Leaning,18.00%,14.00%
Or,indica,70% Leaning,24.00%,22.00%
Oracle,hybrid,50%,14.00%,8.00%
Orange Bud,indica,65% Leaning,16.50%,13.00%
Orange Cookies,indica,60% Leaning,20.00%,15.00%
Orange Crush,sativa,80% Leaning,29.00%,11.00%
Orange Diesel,sativa,60% Leaning,16.00%,15.00%
Orange Dream,hybrid,50%,18.00%,15.00%
Orange Haze,sativa,65% Leaning,20.00%,19.00%
Orange Hill Special,hybrid,50%,21.00%,19.00%
Orange Juice,indica,70% Leaning,15.00%,15.00%
Orange Kush,hybrid,50%,24.00%,20.00%
Orange Skunk,sativa,80% Leaning,16.00%,14.00%
Orange Turbo,sativa,70% Leaning,15.00%,15.00%
Orange Velvet,hybrid,50%,22.00%,18.00%
Oregon Diesel,indica,90%,22.00%,18.00%
Oregon Pineapple,sativa,70% Leaning,20.00%,17.00%
Organic Diesel,sativa,70% Leaning,28.00%,23.00%
Oriental Express,sativa,60% Leaning,16.00%,12.00%
Ortega,indica,100%,17.00%,16.00%
Outer Space,hybrid,50%,21.00%,20.00%
Outlaw,sativa,80% Leaning,17.00%,13.00%
P-51,indica,70% Leaning,23.00%,21.00%
P-91,hybrid,50%,20.00%,14.50%
Pacific Blue,indica,80% Leaning,28.00%,25.00%
Pagoda,sativa,70% Leaning,22.00%,19.00%
Painkiller,indica,80% Leaning,18.00%,14.00%
Panama Punch,sativa,70% Leaning,23.00%,19.00%
Panama Red,sativa,100%,16.00%,10.00%
Panda OG,sativa,60% Leaning,25.00%,15.00%
Pandora's Box,sativa,70% Leaning,19.00%,13.50%
Papa's OG,indica,80% Leaning,25.00%,21.00%
Papaya,indica,80% Leaning,25.00%,20.00%
Paris OG,indica,80% Leaning,28.00%,22.00%
Paris XXX,indica,80% Leaning,24.00%,21.00%
Patti Cake,hybrid,50%,23.00%,19.00%
Peaches and Cream,sativa,80% Leaning,21.00%,18.00%
Pearl Scout Cookies,indica,70% Leaning,27.00%,23.00%
Pennywise,indica,70% Leaning,15.00%,12.00%
Peppermint Cookies,hybrid,50%,24.00%,19.00%
Permafrost,sativa,70% Leaning,18.00%,15.00%
Pestilence,indica,80% Leaning,22.00%,18.00%
Peyton Manning,sativa,60% Leaning,22.00%,18.00%
Pez,indica,100%,27.00%,17.00%
Phantom Cookies,sativa,70% Leaning,21.00%,16.00%
Phantom OG,hybrid,50%,26.00%,22.00%
Pie Face,indica,60% Leaning,19.00%,18.00%
Pineapple Chunk,indica,70% Leaning,26.00%,16.00%
Pineapple Diesel,hybrid,50%,18.00%,15.00%
Pineapple Haze,sativa,70% Leaning,22.00%,18.00%
Pineapple Jack,hybrid,50%,20.00%,20.00%
Pineapple Kush,indica,75% Leaning,17.00%,10.00%
Pineapple OG,sativa,14%,26.00%,21.00%
Pineapple Punch,sativa,75% Leaning,15.00%,13.00%
Pineapple Skunk,indica,70% Leaning,27.00%,19.00%
Pineapple Thai,sativa,100%,24.00%,18.00%
Pink Berry,indica,70% Leaning,21.00%,17.00%
Pink Bubba,indica,80% Leaning,23.00%,20.00%
Pink Champagne ,indica,80% Leaning,23.00%,17.00%
Pink Death Star ,indica,100%,23.00%,19.00%
Pink Kush,indica,90%,22.00%,20.00%
Pink Lemonade ,indica,80% Leaning,22.00%,18.00%
Pink Mango,sativa,60% Leaning,21.00%,17.00%
Pink Panties,indica,70% Leaning,24.00%,20.00%
Pink Pez,hybrid,50%,23.00%,17.00%
Pink Sunset,indica,70% Leaning,27.00%,23.00%
Pitbull,indica,80% Leaning,21.00%,16.00%
Platinum Bubba Kush,indica,80% Leaning,25.00%,22.00%
Platinum Girl Scout Cookies,indica,60% Leaning,24.00%,18.00%
Platinum Kush,indica,90%,17.00%,15.00%
Platinum OG,indica,75% Leaning,24.00%,17.00%
Platinum Wreck,sativa,70% Leaning,25.00%,18.00%
Plushberry,hybrid,50%,20.00%,17.00%
Poison Haze,sativa,100%,24.00%,21.00%
Pokie,indica,70% Leaning,24.00%,21.00%
Polar Dog,indica,75% Leaning,21.00%,18.00%
Pop Rox,indica,70% Leaning,20.00%,18.00%
Pot of Gold,indica,90%,21.00%,15.00%
Power Kush,hybrid,50%,19.00%,15.00%
Power Plant,sativa,65% Leaning,20.00%,15.00%
Pre-98 Bubba Kush,indica,85% Leaning,28.00%,19.00%
Predator Pink,indica,60% Leaning,17.00%,15.00%
Presidential Kush,indica,60% Leaning,30.00%,20.00%
Presidential OG,indica,75% Leaning,26.00%,15.00%
Primus,indica,70% Leaning,30.00%,25.00%
Private Reserve,hybrid,50%,20.00%,19.00%
Professor Chaos,sativa,70% Leaning,25.00%,20.00%
Project Blue Book,hybrid,50%,22.00%,17.00%
Puna Budder,hybrid,50%,22.00%,21.00%
Pure Afghan,indica,100%,21.00%,16.00%
Pure Kush,indica,80% Leaning,24.00%,19.00%
Pure OG,indica,60% Leaning,20.00%,20.00%
Pure Power,sativa,70% Leaning,26.00%,19.00%
Purple Afghani,indica,75% Leaning,25.00%,20.00%
Purple Alien OG,indica,80% Leaning,17.00%,15.00%
Purple Arrow,indica,85% Leaning,24.00%,17.00%
Purple Aurora,indica,60% Leaning,20.00%,20.00%
Purple Berry,indica,80% Leaning,22.00%,15.00%
Purple Bud,indica,75% Leaning,20.00%,18.00%
Purple Bush,indica,70% Leaning,21.00%,21.00%
Purple Candy,hybrid,50%,19.00%,17.00%
Purple Champagne,sativa,70% Leaning,29.00%,21.00%
Purple Cheese,hybrid,50%,22.00%,18.00%
Purple Cow,sativa,70% Leaning,19.00%,17.00%
Purple Crack,sativa,85% Leaning,19.00%,17.00%
Purple Cream,hybrid,50%,24.00%,18.00%
Purple Diesel,sativa,70% Leaning,21.00%,16.00%
Purple Dragon,sativa,60% Leaning,20.00%,14.00%
Purple Dream,hybrid,50%,15.00%,14.00%
Purple Elephant,hybrid,50%,25.00%,16.00%
Purple Goat,sativa,70% Leaning,19.00%,17.00%
Purple Goo,hybrid,50%,21.00%,20.00%
Purple Gorilla,indica,60% Leaning,21.00%,18.00%
Purple Haze,sativa,60% Leaning,20.00%,13.00%
Purple Headband,indica,60% Leaning,28.00%,21.00%
Purple Jems,hybrid,50%,19.00%,14.00%
Purple Jolly Rancher,indica,75% Leaning,17.00%,10.00%
Purple Kush,indica,100%,27.00%,17.80%
Purple Lightning,indica,70% Leaning,15.00%,12.00%
Purple Maui,sativa,80% Leaning,22.00%,17.00%
Purple Mr. Nice,hybrid,50%,26.00%,20.00%
Purple Nepal,indica,60% Leaning,25.00%,19.00%
Purple Paralysis,sativa,80% Leaning,22.00%,20.00%
Purple Passion,indica,90%,18.00%,15.00%
Purple People Eater,indica,70% Leaning,23.00%,19.00%
Purple Power,sativa,75% Leaning,20.00%,15.00%
Purple Princess,indica,60% Leaning,16.50%,14.00%
Purple Rhino,indica,70% Leaning,20.00%,17.00%
Purple Sage,indica,60% Leaning,24.00%,20.00%
Purple Skunk,sativa,85% Leaning,20.00%,19.00%
Purple Sour Diesel,sativa,70% Leaning,21.00%,19.00%
Purple Star,indica,100%,13.00%,11.00%
Purple Suicide,indica,70% Leaning,19.00%,14.00%
Purple Thai,sativa,80% Leaning,24.00%,20.00%
Purple Tonic,indica,100%,23.00%,16.00%
Purple Trainwreck,hybrid,50%,26.00%,17.40%
Purple Urkle,indica,80% Leaning,26.00%,16.50%
Purple Voodoo,hybrid,50%,16.00%,11.00%
Purple Widow,indica,55%,22.00%,16.00%
Purple Wreck,indica,60% Leaning,31.00%,19.00%
PVC OG,hybrid,50%,20.00%,18.00%
Q3,hybrid,50%,24.00%,20.00%
Qleaner,sativa,70% Leaning,20.00%,15.00%
Quasar,hybrid,50%,15.00%,11.00%
Quebec Gold,hybrid,50%,26.00%,21.00%
Querkle,indica,80% Leaning,35.10%,18.00%
Queso,hybrid,50%,16.00%,13.00%
Quick One,indica,60% Leaning,13.00%,11.00%
Qush,indica,70% Leaning,18.00%,14.00%
Rafael,sativa,80% Leaning,2.00%,1.00%
Rainbow Kush,indica,60% Leaning,17.00%,14.50%
Randy Savage,indica,85% Leaning,22.00%,20.00%
Rare Darkness,indica,85% Leaning,25.70%,21.50%
Raspberry Cookies,indica,70% Leaning,26.40%,22.00%
Raspberry Cough ,sativa,70% Leaning,24.00%,20.00%
Raspberry Kush,indica,75% Leaning,17.00%,14.00%
Raw Diesel,hybrid,50%,19.00%,17.00%
Ray Charles,indica,100%,21.00%,18.00%
Rebel God Smoke,sativa,70% Leaning,28.00%,24.00%
Recon,indica,80% Leaning,23.00%,16.00%
Red Cherry Berry,hybrid,70% Leaning,22.00%,17.00%
Red Diesel,hybrid,50%,22.00%,19.00%
Red Dragon,sativa,60% Leaning,22.00%,16.00%
Red Dwarf,indica,60% Leaning,15.00%,11.00%
Red Eye OG,indica,100%,28.00%,23.00%
Red Haze,ERROR,,22.00%,21.00%
Red Headed Stranger,indica,75% Leaning,26.00%,20.00%
Red Poison,hybrid,50%,21.00%,17.00%
Red Widow,ERROR,,18.00%,16.00%
Redd Cross,ERROR,,20.00%,20.00%
Reggie,sativa,70% Leaning,20.00%,19.00%
Remedy,indica,75% Leaning,1.00%,0.90%
Rene,sativa,80% Leaning,18.00%,16.00%
Richie Rich,indica,70% Leaning,22.00%,18.00%
Ridge Berry,sativa,70% Leaning,16.00%,16.00%
Robert Plant,ERROR,,18.00%,16.00%
Rock Bud,indica,80% Leaning,16.00%,13.00%
Rocklock,indica,80% Leaning,16.00%,13.00%
RockStar,hybrid,50%,17.00%,14.00%
Rocky Mountain High,indica,65% Leaning,20.00%,18.00%
Rogue Thunder,hybrid,50%,15.00%,12.00%
Romping Goddess,hybrid,50%,23.00%,23.00%
Romulan,indica,75% Leaning,20.00%,16.00%
Root Beer Kush,sativa,100%,23.00%,19.00%
Rosetta Stone,hybrid,50%,20.00%,15.00%
Royal Cheese,indica,75% Leaning,16.00%,12.00%
Royal Dutch,hybrid,50%,21.00%,18.00%
Royal Dwarf,hybrid,60% Leaning,16.00%,15.00%
Royal Haze,sativa,85% Leaning,20.00%,18.00%
Royal Highness,sativa,60% Leaning,15.00%,14.00%
Royal Kush,indica,80% Leaning,25.00%,15.00%
Rubicon,hybrid,50%,9.00%,9.00%
Rug Burn OG,indica,80% Leaning,26.00%,16.00%
Rx,hybrid,50%,10.00%,5.00%
SAGE,sativa,80% Leaning,25.00%,20.00%
Sage N Sour,sativa,75% Leaning,18.70%,15.00%
Sand Storm,indica,95%,16.00%,13.00%
Santa Maria,sativa,65% Leaning,14.00%,13.00%
Sapphire Star,hybrid,50%,24.00%,22.00%
Satori,sativa,70% Leaning,28.00%,23.00%
Scott's OG,indica,70% Leaning,26.00%,24.00%
Seattle Blue,hybrid,50%,20.00%,20.00%
Seattle Cough,sativa,70% Leaning,22.00%,21.00%
Secret Recipe,sativa,60% Leaning,25.00%,23.00%
Selene,hybrid,50%,22.00%,17.00%
Sensi Star,indica,65% Leaning,20.00%,15.50%
Serious 6,hybrid,50%,17.00%,15.00%
Sexxpot,indica,100%,15.00%,15.00%
SFV OG Kush,indica,90%,19.00%,13.00%
Shaman,sativa,85% Leaning,18.00%,15.00%
Shark Shock,indica,80% Leaning,20.00%,14.00%
Shark's Breath,indica,80% Leaning,26.00%,21.00%
Shishkaberry,indica,80% Leaning,26.00%,18.00%
Shooting Star,indica,85% Leaning,19.00%,14.00%
Shoreline,sativa,60% Leaning,23.00%,20.00%
Silver Bubble,ERROR,,20.00%,18.00%
Silver Haze,hybrid,50%,14.00%,11.00%
Silver Kush,sativa,70% Leaning,24.00%,22.00%
Silver Pearl,sativa,80% Leaning,21.00%,16.00%
Silver Surfer,hybrid,50%,26.00%,17.00%
Sirius Black,indica,70% Leaning,25.00%,20.00%
Skittle,sativa,60% Leaning,23.00%,19.00%
Skunk #1,indica,65% Leaning,22.10%,9.00%
Skunk 47,indica,90%,27.00%,22.00%
Skunk Haze,sativa,70% Leaning,9.00%,5.00%
Skunkberry,hybrid,50%,40.00%,15.00%
Skywalker,hybrid,50%,15.00%,13.00%
Skywalker OG,indica,85% Leaning,26.00%,24.00%
Sleestack,sativa,70% Leaning,25.00%,20.00%
Snoop Dogg OG,indica,13%,28.00%,25.00%
Snoop's Dream,hybrid,50%,25.00%,18.00%
Snow Lotus,indica,70% Leaning,25.00%,17.00%
Snow Ryder,indica,75% Leaning,23.00%,14.00%
Snowcap,hybrid,50%,22.00%,15.00%
Somango,indica,75% Leaning,23.00%,18.00%
Sonoma Coma,sativa,70% Leaning,25.00%,17.00%
Sour Alien,sativa,60% Leaning,16.00%,13.00%
Sour Apple,indica,80% Leaning,27.00%,22.00%
Sour Bubba,sativa,60% Leaning,31.00%,19.00%
Sour Bubble,indica,100%,28.00%,27.00%
Sour Candy,sativa,80% Leaning,16.00%,15.00%
Sour Cookies,sativa,70% Leaning,28.00%,17.00%
Sour Cream,sativa,80% Leaning,17.00%,17.00%
Sour Dream,sativa,70% Leaning,21.00%,17.00%
Sour Grape,hybrid,50%,24.00%,14.00%
Sour Haze,sativa,90%,26.00%,19.00%
Sour Headband,sativa,75% Leaning,25.00%,20.00%
Sour Jack,hybrid,50%,22.00%,19.00%
Sour Kush,indica,60% Leaning,26.00%,21.00%
Sour Maui,sativa,100%,27.00%,23.00%
Sour Moonrocks,sativa,80% Leaning,59.00%,59.00%
Sour OG,hybrid,50%,27.00%,20.00%
Sour Patch Kiss,sativa,60% Leaning,31.00%,27.00%
Sour Power,sativa,90%,29.00%,24.00%
Sour Sunset,indica,60% Leaning,24.00%,22.00%
Sour Tsunami,sativa,60% Leaning,10.00%,8.00%
Southern Lights,sativa,14%,25.00%,21.00%
Space Bomb,sativa,60% Leaning,17.00%,15.00%
Space Candy,hybrid,50%,22.00%,20.00%
Space Cream,indica,70% Leaning,24.00%,24.00%
Space Dawg,indica,70% Leaning,23.00%,20.00%
Space Monster,indica,75% Leaning,20.00%,20.00%
Space Needle,sativa,100%,20.00%,18.00%
Space Queen,sativa,55%,16.00%,13.50%
Special K,hybrid,50%,24.00%,24.00%
Spirit of 76,hybrid,50%,12.00%,10.00%
Spliffs Strawberry,sativa,80% Leaning,22.00%,18.00%
Sputnik,sativa,70% Leaning,23.00%,18.00%
Star 47,indica,90%,20.00%,18.00%
Star Berry,indica,90%,20.00%,18.00%
Star Tonic,hybrid,50%,11.00%,9.00%
Starbud,indica,75% Leaning,20.00%,14.00%
Starfighter,indica,60% Leaning,25.60%,20.20%
Starry Night,hybrid,50%,25.00%,19.00%
StarRyder,indica,70% Leaning,19.00%,15.00%
Stella Blue,sativa,70% Leaning,18.00%,15.00%
Stephen Hawking Kush,indica,70% Leaning,12.00%,5.00%
Stevie Wonder,sativa,90%,24.00%,20.00%
Strawberry,hybrid,50%,18.00%,15.00%
Strawberry Banana,indica,70% Leaning,32.60%,20.00%
Strawberry Blue,sativa,75% Leaning,20.00%,20.00%
Strawberry Cheesecake,indica,70% Leaning,22.00%,20.00%
Strawberry Cough,sativa,85% Leaning,23.00%,15.00%
Strawberry Diesel,hybrid,50%,27.00%,18.00%
Strawberry Dream,hybrid,50%,21.00%,16.00%
Strawberry Ice,sativa,60% Leaning,21.00%,20.00%
Strawberry Kush,sativa,70% Leaning,23.00%,18.00%
Strawberry Lemonade,hybrid,50%,28.00%,21.00%
Strawberry Mango Haze,sativa,70% Leaning,23.00%,17.00%
Strawberry Milkshake,hybrid,50%,20.00%,18.00%
Strawberry OG,sativa,70% Leaning,23.00%,20.00%
Sublime,sativa,70% Leaning,26.00%,20.00%
Sugar Black Rose,indica,80% Leaning,18.00%,18.00%
Sugar Cookie,hybrid,50%,25.00%,24.00%
Sugar Klingon,hybrid,50%,17.00%,14.00%
Sugar Kush,indica,100%,20.00%,20.00%
Sugar Mama,hybrid,50%,19.00%,19.00%
Sugar Plum,sativa,90%,26.00%,19.00%
Sugar Punch,hybrid,50%,24.00%,23.00%
Sunburn,sativa,80% Leaning,24.00%,17.00%
Sunset Haze,hybrid,50%,17.00%,17.00%
Sunset Sherbet,indica,85% Leaning,24.00%,18.00%
Sunshine,sativa,70% Leaning,27.00%,18.00%
Sunshine Daydream,indica,60% Leaning,25.00%,17.00%
Super Blue Dream,hybrid,50%,21.00%,19.00%
Super Bud ,indica,60% Leaning,19.00%,19.00%
Super Cheese,indica,80% Leaning,25.00%,20.00%
Super Critical,indica,75% Leaning,18.00%,13.50%
Super Glue,indica,60% Leaning,28.00%,23.00%
Super Jack,sativa,70% Leaning,24.00%,19.00%
Super Kush,hybrid,50%,22.00%,18.00%
Super Lemon Haze,sativa,80% Leaning,25.00%,16.00%
Super Lemon OG,indica,60% Leaning,22.00%,19.00%
Super Silver Haze,sativa,80% Leaning,23.00%,16.00%
Super Skunk,indica,65% Leaning,28.00%,19.00%
Super Sour Diesel,sativa,85% Leaning,25.50%,19.00%
Super Sour Skunk,hybrid,50%,15.00%,15.00%
Super Sour Widow,hybrid,50%,18.00%,16.00%
Super Sweet,hybrid,50%,14.00%,14.00%
Supergirl,indica,80% Leaning,23.00%,15.00%
Superman OG,indica,60% Leaning,18.00%,16.00%
Supernatural,sativa,60% Leaning,22.00%,22.00%
Supernova,indica,75% Leaning,25.00%,20.00%
Suzy Q,hybrid,50%,,
Sweet Berry,hybrid,50%,21.00%,18.00%
Sweet Black Angel,indica,80% Leaning,18.00%,17.00%
Sweet Cheese,sativa,70% Leaning,21.00%,20.00%
Sweet Deep Grapefruit,indica,80% Leaning,19.00%,15.00%
Sweet Diesel,sativa,100%,18.00%,15.00%
Sweet Dream,sativa,60% Leaning,23.00%,19.00%
Sweet Dreams,hybrid,50%,24.00%,15.00%
Sweet Jane,indica,70% Leaning,20.00%,20.00%
Sweet Kush,hybrid,50%,18.00%,18.00%
Sweet Lafayette,indica,80% Leaning,18.00%,17.00%
Sweet Nina,hybrid,50%,20.00%,20.00%
Sweet Pebbles,hybrid,50%,20.00%,18.00%
Sweet Tooth,indica,85% Leaning,19.00%,14.00%
Swiss,indica,100%,,
Swiss Bliss,sativa,75% Leaning,23.00%,23.00%
Swiss Gold,indica,60% Leaning,7.00%,6.00%
Syrup OG,indica,70% Leaning,30.00%,26.00%
Tahoe Alien,indica,60% Leaning,29.00%,21.00%
Tahoe OG,hybrid,50%,20.50%,14.60%
Taiga,hybrid,50%,15.00%,11.00%
Tangerine,hybrid,50%,18.00%,18.00%
Tangerine Dream,sativa,60% Leaning,25.00%,19.00%
Tangerine Haze,sativa,60% Leaning,21.00%,18.00%
Tangerine Kush,indica,70% Leaning,20.00%,18.00%
Tangerine Man,sativa,70% Leaning,18.40%,18.00%
Tangerine Power,sativa,70% Leaning,25.00%,20.00%
Tangie,sativa,70% Leaning,22.00%,19.00%
Tesla,sativa,70% Leaning,3.00%,2.00%
Tesla Tower,sativa,70% Leaning,22.00%,17.00%
Thai,sativa,100%,22.00%,12.00%
Thai Girl,sativa,70% Leaning,25.00%,20.00%
Thai Haze,hybrid,50%,21.00%,18.00%
Thai Sticks,sativa,100%,18.00%,16.00%
Thai Tanic,sativa,85% Leaning,15.00%,14.00%
THC Bomb,hybrid,50%,26.00%,24.00%
The Black,indica,90%,18.00%,14.00%
The Blood,sativa,100%,26.00%,20.00%
The Cough,sativa,70% Leaning,22.00%,19.00%
The Doctor,indica,80% Leaning,23.00%,19.00%
The Flav,indica,60% Leaning,24.00%,19.00%
The One,hybrid,50%,17.00%,16.00%
The Ooze,indica,80% Leaning,24.00%,19.00%
The Ox,indica,75% Leaning,20.00%,19.00%
The Sauce,sativa,60% Leaning,28.00%,19.00%
The Sheriff,hybrid,50%,19.00%,18.00%
The Truth,sativa,70% Leaning,22.00%,21.00%
The Void,hybrid,50%,16.00%,14.50%
The White,sativa,60% Leaning,30.00%,22.00%
Thin Mint Cookies,hybrid,50%,24.00%,16.00%
Think Different,sativa,60% Leaning,18.00%,16.00%
Thor's Hammer,sativa,60% Leaning,29.00%,25.00%
Tiger Woods,hybrid,50%,15.00%,13.00%
Tiger's Milk,hybrid,50%,17.00%,15.50%
Timewarp,sativa,70% Leaning,14.00%,10.00%
Timewreck,sativa,70% Leaning,24.00%,19.00%
Titanium,hybrid,50%,22.00%,13.00%
Tokyo OG,indica,80% Leaning,24.00%,22.00%
Tommy’s Home Grown,hybrid,50%,19.00%,18.00%
Top 44,indica,70% Leaning,20.00%,14.00%
Tora Bora,indica,100%,22.00%,17.00%
Toxic Punch,hybrid,50%,25.00%,22.00%
Trainwreck,sativa,90%,18.00%,14.00%
Transformer,hybrid,50%,22.00%,19.00%
Trash,indica,70% Leaning,19.00%,18.00%
Travel Joint,indica,60% Leaning,24.00%,23.00%
Tree of Life,sativa,70% Leaning,22.00%,18.00%
Tres Dawg,hybrid,50%,25.00%,20.00%
Triangle Kush,indica,85% Leaning,26.00%,21.00%
Trident,hybrid,50%,6.00%,5.00%
Trinity,sativa,75% Leaning,20.00%,15.00%
Triple Diesel,hybrid,50%,22.00%,19.00%
Trix,sativa,100%,20.00%,20.00%
Trojan,indica,60% Leaning,19.00%,14.00%
Tropical Tang,sativa,90%,22.00%,18.00%
True OG,hybrid,50%,24.00%,21.00%
Trump OG,indica,70% Leaning,20.00%,20.00%
Truth Serum,hybrid,50%,22.00%,19.00%
Tundra,indica,70% Leaning,15.00%,12.00%
Tutti Frutti,hybrid,50%,23.00%,19.00%
Twilight,indica,100%,21.00%,17.00%
Twista,hybrid,50%,22.00%,19.00%
Twisted Citrus ,hybrid,50%,27.00%,24.00%
Tyson,indica,100%,21.00%,18.00%
U Pink Kush,indica,90%,18.00%,14.00%
U.K. Cheese,hybrid,50%,18.00%,14.00%
UBC Chemo,indica,100%,29.00%,20.00%
Ultra Sonja,sativa,60% Leaning,22.00%,19.00%
Ultraviolet,sativa,60% Leaning,21.00%,17.00%
Urban Poison,sativa,60% Leaning,25.00%,21.00%
UW,indica,80% Leaning,20.00%,14.00%
Valentine X,hybrid,50%,1.00%,1.00%
Valley Girl,hybrid,50%,31.00%,22.00%
Vanilla Kush,indica,70% Leaning,22.00%,15.00%
Vaniluna,hybrid,50%,17.00%,15.00%
Velvet Bud,sativa,70% Leaning,23.00%,20.00%
Venice OG,sativa,90%,26.00%,20.00%
Venom OG,hybrid,50%,27.00%,20.00%
Venomberry,sativa,60% Leaning,16.00%,14.00%
Venus OG,hybrid,50%,25.00%,18.00%
Verde Electric,hybrid,50%,24.00%,19.00%
Very Berry Haze,sativa,100%,18.00%,15.00%
Violator Kush,indica,80% Leaning,22.00%,19.00%
Violet Delight,hybrid,50%,27.00%,22.00%
Viper,sativa,90%,20.00%,17.00%
Voodoo,sativa,100%,12.00%,10.00%
Vortex,sativa,75% Leaning,20.00%,16.00%
Waldo,sativa,75% Leaning,19.00%,17.00%
Walker Kush,indica,70% Leaning,20.00%,18.00%
Wally OG,hybrid,50%,25.00%,25.00%
Walter White,sativa,70% Leaning,21.00%,19.00%
Wappa,indica,60% Leaning,22.00%,17.00%
Warlock,indica,85% Leaning,19.00%,14.00%
Watermelon,indica,80% Leaning,22.00%,18.00%
Webster,sativa,70% Leaning,23.00%,19.00%
Wedding Cake,indica,60% Leaning,25.00%,16.00%
West Coast Diesel,sativa,95%,26.00%,22.00%
West OG,indica,13%,22.00%,18.00%
Wet Dream,sativa,90%,22.00%,16.00%
Whitaker Blues,indica,80% Leaning,28.00%,21.00%
White Berry,indica,65% Leaning,22.00%,18.00%
White Buffalo,sativa,70% Leaning,25.00%,17.50%
White Castle,indica,60% Leaning,19.00%,13.00%
White Cheese,hybrid,50%,16.00%,14.00%
White Cookies,indica,70% Leaning,20.00%,18.00%
White Dawg,hybrid,50%,20.00%,20.00%
White Diesel,indica,60% Leaning,22.00%,22.00%
White Dragon,indica,100%,22.00%,22.00%
White Dream,hybrid,50%,24.00%,22.00%
White Durban,ERROR,,19.00%,17.00%
White Dwarf,indica,75% Leaning,15.00%,13.00%
White Elephant,hybrid,50%,23.00%,18.00%
White Empress,indica,85% Leaning,25.00%,22.00%
White Fire 43,indica,70% Leaning,30.00%,25.00%
White Fire Alien OG,indica,60% Leaning,26.00%,24.00%
White Fire OG,indica,60% Leaning,25.00%,22.00%
White Girl,sativa,60% Leaning,30.00%,20.00%
White Gold,indica,60% Leaning,25.00%,25.00%
White Gorilla,indica,55%,25.00%,24.00%
White Haze,sativa,70% Leaning,19.00%,17.00%
White Knight,indica,100%,26.00%,26.00%
White Kush,indica,100%,29.00%,19.00%
White Lavender,hybrid,50%,19.00%,19.00%
White Lightening ,hybrid,50%,24.00%,24.00%
White Lotus,hybrid,50%,22.00%,20.00%
White Moonshine,indica,75% Leaning,19.00%,15.00%
White Nightmare,sativa,80% Leaning,22.00%,17.50%
White OG,hybrid,50%,24.00%,24.00%
White Queen,indica,65% Leaning,25.00%,23.00%
White Rhino,indica,80% Leaning,22.00%,18.00%
White Russian,hybrid,50%,22.00%,16.50%
White Ryder,indica,70% Leaning,24.00%,22.00%
White Sangria,indica,70% Leaning,20.00%,16.00%
White Siberian,indica,75% Leaning,15.00%,15.00%
White Skunk,indica,65% Leaning,22.00%,20.00%
White Slipper,sativa,70% Leaning,,
White Smurf,hybrid,50%,22.00%,20.00%
White Strawberry,hybrid,50%,18.00%,15.00%
White Walker Kush,indica,60% Leaning,22.00%,20.00%
White Walker OG,hybrid,50%,22.00%,22.00%
White Walrus,hybrid,50%,18.00%,15.00%
White Widow,sativa,60% Leaning,20.00%,12.00%
White Zombie,indica,60% Leaning,19.00%,17.00%
Whiteout,hybrid,50%,19.00%,19.00%
William's Wonder,indica,75% Leaning,21.20%,14.50%
Willie Cheesie ,hybrid,100%,19.60%,19.00%
Willie Nelson,sativa,60% Leaning,22.00%,20.00%
Willy Wonka,sativa,70% Leaning,28.00%,23.00%
Wonder Haze,sativa,70% Leaning,22.00%,18.00%
Wonder Woman,sativa,60% Leaning,20.00%,15.00%
Woody Kush,indica,100%,23.00%,19.00%
Wreckage,hybrid,50%,21.00%,18.00%
WSU,indica,100%,24.00%,23.00%
X Wing,indica,70% Leaning,26.00%,25.00%
X-Kush #1,indica,65% Leaning,21.00%,16.00%
Xanadu,sativa,75% Leaning,18.00%,14.00%
XJ-13,hybrid,50%,23.80%,16.00%
XXX OG,indica,60% Leaning,21.00%,14.00%
Y Griega,sativa,75% Leaning,27.00%,17.00%
Yeti OG,indica,70% Leaning,20.00%,19.00%
Yoda OG,indica,80% Leaning,22.00%,14.00%
Yogi Diesel,sativa,90%,25.00%,21.00%
Yumboldt,indica,75% Leaning,20.00%,14.00%
Yummy,indica,70% Leaning,3.00%,3.00%
Zen,hybrid,50%,11.00%,11.00%
Zero Gravity,indica,60% Leaning,18.00%,13.00%
Zeta Sage,hybrid,50%,28.00%,24.00%
Zeus OG,sativa,60% Leaning,23.00%,17.00%
Zombie OG,indica,90%,21.00%,18.00%
Zoom Pie,indica,70% Leaning,24.00%,22.00%